tad,genelist
9|chr1|8900000|9550000,CA6|Ensembl:ENSG00000131686|HGNC:CA6;SLC2A7|Ensembl:ENSG00000197241|HGNC:SLC2A7;SLC2A5|Ensembl:ENSG00000142583|HGNC:SLC2A5;GPR157|Ensembl:ENSG00000180758|HGNC:GPR157;H6PD|Ensembl:ENSG00000049239|HGNC:H6PD;SPSB1|Ensembl:ENSG00000171621|HGNC:SPSB1;SLC25A33|Ensembl:ENSG00000171612|HGNC:SLC25A33
19|chr1|19250000|19700000,EMC1|Ensembl:ENSG00000127463|HGNC:EMC1;MRTO4|Ensembl:ENSG00000053372|HGNC:MRTO4;AKR7A3|Ensembl:ENSG00000162482|HGNC:AKR7A3;AKR7A2|Ensembl:ENSG00000053371|HGNC:AKR7A2;SLC66A1|Ensembl:ENSG00000040487|HGNC:SLC66A1;CAPZB|Ensembl:ENSG00000077549|HGNC:CAPZB;MICOS10|Ensembl:ENSG00000173436|HGNC:MICOS10;NBL1|Ensembl:ENSG00000158747|HGNC:NBL1;MICOS10-NBL1|Ensembl:ENSG00000270136|HGNC:MICOS10-NBL1;HTR6|Ensembl:ENSG00000158748|HGNC:HTR6;TMCO4|Ensembl:ENSG00000162542|HGNC:TMCO4
27|chr1|23000000|23800000,TEX46|Ensembl:ENSG00000227868|HGNC:TEX46;KDM1A|Ensembl:ENSG00000004487|HGNC:KDM1A;LUZP1|Ensembl:ENSG00000169641|HGNC:LUZP1;HTR1D|Ensembl:ENSG00000179546|HGNC:HTR1D;HNRNPR|Ensembl:ENSG00000125944|HGNC:HNRNPR;ZNF436|Ensembl:ENSG00000125945|HGNC:ZNF436;TCEA3|Ensembl:ENSG00000204219|HGNC:TCEA3;ASAP3|Ensembl:ENSG00000088280|HGNC:ASAP3;E2F2|Ensembl:ENSG00000007968|HGNC:E2F2;ID3|Ensembl:ENSG00000117318|HGNC:ID3;RPL11|Ensembl:ENSG00000142676|HGNC:RPL11;ELOA|Ensembl:ENSG00000011007|HGNC:ELOA;PITHD1|Ensembl:ENSG00000057757|HGNC:PITHD1;LYPLA2|Ensembl:ENSG00000011009|HGNC:LYPLA2;GALE|Ensembl:ENSG00000117308|HGNC:GALE
31|chr1|24650000|24900000,SRRM1|Ensembl:ENSG00000133226|HGNC:SRRM1;CLIC4|Ensembl:ENSG00000169504|HGNC:CLIC4;RUNX3|Ensembl:ENSG00000020633|HGNC:RUNX3
32|chr1|24900000|25250000,RUNX3|Ensembl:ENSG00000020633|HGNC:RUNX3;SYF2|Ensembl:ENSG00000117614|HGNC:SYF2;RSRP1|Ensembl:ENSG00000117616|HGNC:RSRP1
41|chr1|31650000|32200000,COL16A1|Ensembl:ENSG00000084636|HGNC:COL16A1;ADGRB2|Ensembl:ENSG00000121753|HGNC:ADGRB2;SPOCD1|Ensembl:ENSG00000134668|HGNC:SPOCD1;PTP4A2|Ensembl:ENSG00000184007|HGNC:PTP4A2;KHDRBS1|Ensembl:ENSG00000121774|HGNC:KHDRBS1;TMEM39B|Ensembl:ENSG00000121775|HGNC:TMEM39B;KPNA6|Ensembl:ENSG00000025800|HGNC:KPNA6;TXLNA|Ensembl:ENSG00000084652|HGNC:TXLNA
42|chr1|32200000|32450000,CCDC28B|Ensembl:ENSG00000160050|HGNC:CCDC28B;IQCC|Ensembl:ENSG00000160051|HGNC:IQCC;DCDC2B|Ensembl:ENSG00000222046|HGNC:DCDC2B;TMEM234|Ensembl:ENSG00000160055|HGNC:TMEM234;EIF3I|Ensembl:ENSG00000084623|HGNC:EIF3I;FAM167B|Ensembl:ENSG00000183615|HGNC:FAM167B;LCK|Ensembl:ENSG00000182866|HGNC:LCK;HDAC1|Ensembl:ENSG00000116478|HGNC:HDAC1;MARCKSL1|Ensembl:ENSG00000175130|HGNC:MARCKSL1;TSSK3|Ensembl:ENSG00000162526|HGNC:TSSK3;FAM229A|Ensembl:ENSG00000225828|HGNC:FAM229A;BSDC1|Ensembl:ENSG00000160058|HGNC:BSDC1
44|chr1|32900000|33100000,TMEM54|Ensembl:ENSG00000121900|HGNC:TMEM54;RNF19B|Ensembl:ENSG00000116514|HGNC:RNF19B;AK2|Ensembl:ENSG00000004455|HGNC:AK2;AZIN2|Ensembl:ENSG00000142920|HGNC:AZIN2
57|chr1|41000000|42800000,CTPS1|Ensembl:ENSG00000171793|HGNC:CTPS1;SLFNL1|Ensembl:ENSG00000171790|HGNC:SLFNL1;SCMH1|Ensembl:ENSG00000010803|HGNC:SCMH1;FOXO6|Ensembl:ENSG00000204060|HGNC:FOXO6;EDN2|Ensembl:ENSG00000127129|HGNC:EDN2;HIVEP3|Ensembl:ENSG00000127124|HGNC:HIVEP3;GUCA2B|Ensembl:ENSG00000044012|HGNC:GUCA2B;GUCA2A|Ensembl:ENSG00000197273|HGNC:GUCA2A;FOXJ3|Ensembl:ENSG00000198815|HGNC:FOXJ3;RIMKLA|Ensembl:ENSG00000177181|HGNC:RIMKLA;ZMYND12|Ensembl:ENSG00000066185|HGNC:ZMYND12;PPCS|Ensembl:ENSG00000127125|HGNC:PPCS;CCDC30|Ensembl:ENSG00000186409|HGNC:CCDC30;PPIH|Ensembl:ENSG00000171960|HGNC:PPIH;YBX1|Ensembl:ENSG00000065978|HGNC:YBX1;CLDN19|Ensembl:ENSG00000164007|HGNC:CLDN19;P3H1|Ensembl:ENSG00000117385|HGNC:P3H1;C1orf50|Ensembl:ENSG00000164008|HGNC:C1orf50;TMEM269|Ensembl:ENSG00000274386|HGNC:TMEM269
61|chr1|44700000|45550000,ARMH1|Ensembl:ENSG00000198520|HGNC:ARMH1;KIF2C|Ensembl:ENSG00000142945|HGNC:KIF2C;RPS8|Ensembl:ENSG00000142937|HGNC:RPS8;BEST4|Ensembl:ENSG00000142959|HGNC:BEST4;PLK3|Ensembl:ENSG00000173846|HGNC:PLK3;TCTEX1D4|Ensembl:ENSG00000188396|HGNC:TCTEX1D4;BTBD19|Ensembl:ENSG00000222009|HGNC:BTBD19;PTCH2|Ensembl:ENSG00000117425|HGNC:PTCH2;EIF2B3|Ensembl:ENSG00000070785|HGNC:EIF2B3;HECTD3|Ensembl:ENSG00000126107|HGNC:HECTD3;UROD|Ensembl:ENSG00000126088|HGNC:UROD;ZSWIM5|Ensembl:ENSG00000162415|HGNC:ZSWIM5;HPDL|Ensembl:ENSG00000186603|HGNC:HPDL;MUTYH|Ensembl:ENSG00000132781|HGNC:MUTYH;TOE1|Ensembl:ENSG00000132773|HGNC:TOE1;TESK2|Ensembl:ENSG00000070759|HGNC:TESK2;CCDC163|Ensembl:ENSG00000280670|HGNC:CCDC163;MMACHC|Ensembl:ENSG00000132763|HGNC:MMACHC;PRDX1|Ensembl:ENSG00000117450|HGNC:PRDX1
70|chr1|52050000|52400000,TXNDC12|Ensembl:ENSG00000117862|HGNC:TXNDC12;BTF3L4|Ensembl:ENSG00000134717|HGNC:BTF3L4;ZFYVE9|Ensembl:ENSG00000157077|HGNC:ZFYVE9;CC2D1B|Ensembl:ENSG00000154222|HGNC:CC2D1B;ORC1|Ensembl:ENSG00000085840|HGNC:ORC1
71|chr1|52400000|53200000,ORC1|Ensembl:ENSG00000085840|HGNC:ORC1;PRPF38A|Ensembl:ENSG00000134748|HGNC:PRPF38A;TUT4|Ensembl:ENSG00000134744|HGNC:TUT4;GPX7|Ensembl:ENSG00000116157|HGNC:GPX7;SHISAL2A|Ensembl:ENSG00000182183|HGNC:SHISAL2A;COA7|Ensembl:ENSG00000162377|HGNC:COA7;ZYG11B|Ensembl:ENSG00000162378|HGNC:ZYG11B;ZYG11A|Ensembl:ENSG00000203995|HGNC:ZYG11A;ECHDC2|Ensembl:ENSG00000121310|HGNC:ECHDC2;SCP2|Ensembl:ENSG00000116171|HGNC:SCP2;PODN|Ensembl:ENSG00000174348|HGNC:PODN;SLC1A7|Ensembl:ENSG00000162383|HGNC:SLC1A7;CPT2|Ensembl:ENSG00000157184|HGNC:CPT2
96|chr1|77150000|78000000,PIGK|Ensembl:ENSG00000142892|HGNC:PIGK;AK5|Ensembl:ENSG00000154027|HGNC:AK5;ZZZ3|Ensembl:ENSG00000036549|HGNC:ZZZ3;USP33|Ensembl:ENSG00000077254|HGNC:USP33;MIGA1|Ensembl:ENSG00000180488|HGNC:MIGA1;NEXN|Ensembl:ENSG00000162614|HGNC:NEXN;FUBP1|Ensembl:ENSG00000162613|HGNC:FUBP1;DNAJB4|Ensembl:ENSG00000162616|HGNC:DNAJB4;GIPC2|Ensembl:ENSG00000137960|HGNC:GIPC2
150|chr1|153500000|154200000,S100A6|Ensembl:ENSG00000197956|HGNC:S100A6;S100A5|Ensembl:ENSG00000196420|HGNC:S100A5;S100A4|Ensembl:ENSG00000196154|HGNC:S100A4;S100A3|Ensembl:ENSG00000188015|HGNC:S100A3;S100A2|Ensembl:ENSG00000196754|HGNC:S100A2;S100A16|Ensembl:ENSG00000188643|HGNC:S100A16;S100A14|Ensembl:ENSG00000189334|HGNC:S100A14;S100A13|Ensembl:ENSG00000189171|HGNC:S100A13;S100A1|Ensembl:ENSG00000160678|HGNC:S100A1;CHTOP|Ensembl:ENSG00000160679|HGNC:CHTOP;SNAPIN|Ensembl:ENSG00000143553|HGNC:SNAPIN;ILF2|Ensembl:ENSG00000143621|HGNC:ILF2;NPR1|Ensembl:ENSG00000169418|HGNC:NPR1;INTS3|Ensembl:ENSG00000143624|HGNC:INTS3;SLC27A3|Ensembl:ENSG00000143554|HGNC:SLC27A3;GATAD2B|Ensembl:ENSG00000143614|HGNC:GATAD2B;DENND4B|Ensembl:ENSG00000198837|HGNC:DENND4B;CRTC2|Ensembl:ENSG00000160741|HGNC:CRTC2;SLC39A1|Ensembl:ENSG00000143570|HGNC:SLC39A1;CREB3L4|Ensembl:ENSG00000143578|HGNC:CREB3L4;JTB|Ensembl:ENSG00000143543|HGNC:JTB;RAB13|Ensembl:ENSG00000143545|HGNC:RAB13;RPS27|Ensembl:ENSG00000177954|HGNC:RPS27;NUP210L|Ensembl:ENSG00000143552|HGNC:NUP210L;TPM3|Ensembl:ENSG00000143549|HGNC:TPM3;C1orf189|Ensembl:ENSG00000163263|HGNC:C1orf189
194|chr1|185750000|186350000,HMCN1|Ensembl:ENSG00000143341|HGNC:HMCN1;PRG4|Ensembl:ENSG00000116690|HGNC:PRG4;TPR|Ensembl:ENSG00000047410|HGNC:TPR
211|chr1|202150000|203050000,PTPN7|Ensembl:ENSG00000143851|HGNC:PTPN7;LGR6|Ensembl:ENSG00000133067|HGNC:LGR6;UBE2T|Ensembl:ENSG00000077152|HGNC:UBE2T;PPP1R12B|Ensembl:ENSG00000077157|HGNC:PPP1R12B;SYT2|Ensembl:ENSG00000143858|HGNC:SYT2;KDM5B|Ensembl:ENSG00000117139|HGNC:KDM5B;RABIF|Ensembl:ENSG00000183155|HGNC:RABIF;KLHL12|Ensembl:ENSG00000117153|HGNC:KLHL12;ADIPOR1|Ensembl:ENSG00000159346|HGNC:ADIPOR1;CYB5R1|Ensembl:ENSG00000159348|HGNC:CYB5R1;TMEM183A|Ensembl:ENSG00000163444|HGNC:TMEM183A;PPFIA4|Ensembl:ENSG00000143847|HGNC:PPFIA4
221|chr1|211700000|212050000,LPGAT1|Ensembl:ENSG00000123684|HGNC:LPGAT1;INTS7|Ensembl:ENSG00000143493|HGNC:INTS7;DTL|Ensembl:ENSG00000143476|HGNC:DTL
222|chr1|212050000|212500000,DTL|Ensembl:ENSG00000143476|HGNC:DTL;PPP2R5A|Ensembl:ENSG00000066027|HGNC:PPP2R5A;PACC1|Ensembl:ENSG00000065600|HGNC:PACC1;NENF|Ensembl:ENSG00000117691|HGNC:NENF
247|chr1|235150000|235450000,RBM34|Ensembl:ENSG00000188739|HGNC:RBM34;ARID4B|Ensembl:ENSG00000054267|HGNC:ARID4B;GGPS1|Ensembl:ENSG00000152904|HGNC:GGPS1;TBCE|Ensembl:ENSG00000284770|HGNC:TBCE;B3GALNT2|Ensembl:ENSG00000162885|HGNC:B3GALNT2
257|chr1|243350000|244500000,SDCCAG8|Ensembl:ENSG00000054282|HGNC:SDCCAG8;AKT3|Ensembl:ENSG00000117020|HGNC:AKT3;ZBTB18|Ensembl:ENSG00000179456|HGNC:ZBTB18;C1orf100|Ensembl:ENSG00000173728|HGNC:C1orf100;ADSS2|Ensembl:ENSG00000035687|HGNC:ADSS2;CATSPERE|Ensembl:ENSG00000179397|HGNC:CATSPERE
261|chr10|50000|1150000,TUBB8|Ensembl:ENSG00000261456|HGNC:TUBB8;ZMYND11|Ensembl:ENSG00000015171|HGNC:ZMYND11;DIP2C|Ensembl:ENSG00000151240|HGNC:DIP2C;LARP4B|Ensembl:ENSG00000107929|HGNC:LARP4B;GTPBP4|Ensembl:ENSG00000107937|HGNC:GTPBP4;IDI2|Ensembl:ENSG00000148377|HGNC:IDI2;IDI1|Ensembl:ENSG00000067064|HGNC:IDI1;WDR37|Ensembl:ENSG00000047056|HGNC:WDR37
382|chr11|150000|850000,BET1L|Ensembl:ENSG00000177951|HGNC:BET1L;SCGB1C1|Ensembl:ENSG00000188076|HGNC:SCGB1C1;ODF3|Ensembl:ENSG00000177947|HGNC:ODF3;RIC8A|Ensembl:ENSG00000177963|HGNC:RIC8A;SIRT3|Ensembl:ENSG00000142082|HGNC:SIRT3;PSMD13|Ensembl:ENSG00000185627|HGNC:PSMD13;NLRP6|Ensembl:ENSG00000174885|HGNC:NLRP6;PGGHG|Ensembl:ENSG00000142102|HGNC:PGGHG;IFITM5|Ensembl:ENSG00000206013|HGNC:IFITM5;IFITM2|Ensembl:ENSG00000185201|HGNC:IFITM2;IFITM1|Ensembl:ENSG00000185885|HGNC:IFITM1;IFITM3|Ensembl:ENSG00000142089|HGNC:IFITM3;B4GALNT4|Ensembl:ENSG00000182272|HGNC:B4GALNT4;PKP3|Ensembl:ENSG00000184363|HGNC:PKP3;SIGIRR|Ensembl:ENSG00000185187|HGNC:SIGIRR;ANO9|Ensembl:ENSG00000185101|HGNC:ANO9;PTDSS2|Ensembl:ENSG00000174915|HGNC:PTDSS2;RNH1|Ensembl:ENSG00000023191|HGNC:RNH1;HRAS|Ensembl:ENSG00000174775|HGNC:HRAS;LRRC56|Ensembl:ENSG00000161328|HGNC:LRRC56;LMNTD2|Ensembl:ENSG00000185522|HGNC:LMNTD2;RASSF7|Ensembl:ENSG00000099849|HGNC:RASSF7;PHRF1|Ensembl:ENSG00000070047|HGNC:PHRF1;IRF7|Ensembl:ENSG00000185507|HGNC:IRF7;CDHR5|Ensembl:ENSG00000099834|HGNC:CDHR5;SCT|Ensembl:ENSG00000070031|HGNC:SCT;DRD4|Ensembl:ENSG00000069696|HGNC:DRD4;DEAF1|Ensembl:ENSG00000177030|HGNC:DEAF1;EPS8L2|Ensembl:ENSG00000177106|HGNC:EPS8L2;TMEM80|Ensembl:ENSG00000177042|HGNC:TMEM80;TALDO1|Ensembl:ENSG00000177156|HGNC:TALDO1;GATD1|Ensembl:ENSG00000177225|HGNC:GATD1;CEND1|Ensembl:ENSG00000184524|HGNC:CEND1;SLC25A22|Ensembl:ENSG00000177542|HGNC:SLC25A22;PIDD1|Ensembl:ENSG00000177595|HGNC:PIDD1;RPLP2|Ensembl:ENSG00000177600|HGNC:RPLP2;PNPLA2|Ensembl:ENSG00000177666|HGNC:PNPLA2;CRACR2B|Ensembl:ENSG00000177685|HGNC:CRACR2B;CD151|Ensembl:ENSG00000177697|HGNC:CD151;POLR2L|Ensembl:ENSG00000177700|HGNC:POLR2L;TSPAN4|Ensembl:ENSG00000214063|HGNC:TSPAN4
403|chr11|13500000|14550000,FAR1|Ensembl:ENSG00000197601|HGNC:FAR1;SPON1|Ensembl:ENSG00000262655|HGNC:SPON1;RRAS2|Ensembl:ENSG00000133818|HGNC:RRAS2;COPB1|Ensembl:ENSG00000129083|HGNC:COPB1;PSMA1|Ensembl:ENSG00000129084|HGNC:PSMA1
404|chr11|14550000|15250000,PSMA1|Ensembl:ENSG00000129084|HGNC:PSMA1;PDE3B|Ensembl:ENSG00000152270|HGNC:PDE3B;CYP2R1|Ensembl:ENSG00000186104|HGNC:CYP2R1;CALCB|Ensembl:ENSG00000175868|HGNC:CALCB;CALCA|Ensembl:ENSG00000110680|HGNC:CALCA;INSC|Ensembl:ENSG00000188487|HGNC:INSC
419|chr11|31150000|32350000,DCDC1|Ensembl:ENSG00000170959|HGNC:DCDC1;DNAJC24|Ensembl:ENSG00000170946|HGNC:DNAJC24;IMMP1L|Ensembl:ENSG00000148950|HGNC:IMMP1L;ELP4|Ensembl:ENSG00000109911|HGNC:ELP4;PAX6|Ensembl:ENSG00000007372|HGNC:PAX6;RCN1|Ensembl:ENSG00000049449|HGNC:RCN1
426|chr11|34950000|35500000,PDHX|Ensembl:ENSG00000110435|HGNC:PDHX;CD44|Ensembl:ENSG00000026508|HGNC:CD44;SLC1A2|Ensembl:ENSG00000110436|HGNC:SLC1A2;PAMR1|Ensembl:ENSG00000149090|HGNC:PAMR1
457|chr11|64800000|65150000,MAP4K2|Ensembl:ENSG00000168067|HGNC:MAP4K2;MEN1|Ensembl:ENSG00000133895|HGNC:MEN1;CDC42BPG|Ensembl:ENSG00000171219|HGNC:CDC42BPG;EHD1|Ensembl:ENSG00000110047|HGNC:EHD1;ATG2A|Ensembl:ENSG00000110046|HGNC:ATG2A;PPP2R5B|Ensembl:ENSG00000068971|HGNC:PPP2R5B;GPHA2|Ensembl:ENSG00000149735|HGNC:GPHA2;MAJIN|Ensembl:ENSG00000168070|HGNC:MAJIN;BATF2|Ensembl:ENSG00000168062|HGNC:BATF2;ARL2|Ensembl:ENSG00000213465|HGNC:ARL2;ARL2-SNX15|Ensembl:ENSG00000273003|HGNC:ARL2-SNX15;SNX15|Ensembl:ENSG00000110025|HGNC:SNX15;SAC3D1|Ensembl:ENSG00000168061|HGNC:SAC3D1;NAALADL1|Ensembl:ENSG00000168060|HGNC:NAALADL1;CDCA5|Ensembl:ENSG00000146670|HGNC:CDCA5;ZFPL1|Ensembl:ENSG00000162300|HGNC:ZFPL1;TMEM262|Ensembl:ENSG00000187066|HGNC:TMEM262;VPS51|Ensembl:ENSG00000149823|HGNC:VPS51;TM7SF2|Ensembl:ENSG00000149809|HGNC:TM7SF2;ZNHIT2|Ensembl:ENSG00000174276|HGNC:ZNHIT2;FAU|Ensembl:ENSG00000149806|HGNC:FAU;SYVN1|Ensembl:ENSG00000162298|HGNC:SYVN1;MRPL49|Ensembl:ENSG00000149792|HGNC:MRPL49
458|chr11|65150000|65600000,SPDYC|Ensembl:ENSG00000204710|HGNC:SPDYC;CAPN1|Ensembl:ENSG00000014216|HGNC:CAPN1;POLA2|Ensembl:ENSG00000014138|HGNC:POLA2;CDC42EP2|Ensembl:ENSG00000149798|HGNC:CDC42EP2;DPF2|Ensembl:ENSG00000133884|HGNC:DPF2;TIGD3|Ensembl:ENSG00000173825|HGNC:TIGD3;SLC25A45|Ensembl:ENSG00000162241|HGNC:SLC25A45;FRMD8|Ensembl:ENSG00000126391|HGNC:FRMD8;SCYL1|Ensembl:ENSG00000142186|HGNC:SCYL1;LTBP3|Ensembl:ENSG00000168056|HGNC:LTBP3;ZNRD2|Ensembl:ENSG00000173465|HGNC:ZNRD2;FAM89B|Ensembl:ENSG00000176973|HGNC:FAM89B;EHBP1L1|Ensembl:ENSG00000173442|HGNC:EHBP1L1;KCNK7|Ensembl:ENSG00000173338|HGNC:KCNK7;MAP3K11|Ensembl:ENSG00000173327|HGNC:MAP3K11
459|chr11|65600000|66300000,MAP3K11|Ensembl:ENSG00000173327|HGNC:MAP3K11;PCNX3|Ensembl:ENSG00000197136|HGNC:PCNX3;SIPA1|Ensembl:ENSG00000213445|HGNC:SIPA1;RELA|Ensembl:ENSG00000173039|HGNC:RELA;KAT5|Ensembl:ENSG00000172977|HGNC:KAT5;RNASEH2C|Ensembl:ENSG00000172922|HGNC:RNASEH2C;AP5B1|Ensembl:ENSG00000254470|HGNC:AP5B1;OVOL1|Ensembl:ENSG00000172818|HGNC:OVOL1;CFL1|Ensembl:ENSG00000172757|HGNC:CFL1;SNX32|Ensembl:ENSG00000172803|HGNC:SNX32;MUS81|Ensembl:ENSG00000172732|HGNC:MUS81;EFEMP2|Ensembl:ENSG00000172638|HGNC:EFEMP2;CTSW|Ensembl:ENSG00000172543|HGNC:CTSW;FIBP|Ensembl:ENSG00000172500|HGNC:FIBP;CCDC85B|Ensembl:ENSG00000175602|HGNC:CCDC85B;FOSL1|Ensembl:ENSG00000175592|HGNC:FOSL1;C11orf68|Ensembl:ENSG00000175573|HGNC:C11orf68;DRAP1|Ensembl:ENSG00000175550|HGNC:DRAP1;TSGA10IP|Ensembl:ENSG00000175513|HGNC:TSGA10IP;SART1|Ensembl:ENSG00000175467|HGNC:SART1;EIF1AD|Ensembl:ENSG00000175376|HGNC:EIF1AD;BANF1|Ensembl:ENSG00000175334|HGNC:BANF1;CST6|Ensembl:ENSG00000175315|HGNC:CST6;CATSPER1|Ensembl:ENSG00000175294|HGNC:CATSPER1;GAL3ST3|Ensembl:ENSG00000175229|HGNC:GAL3ST3;SF3B2|Ensembl:ENSG00000087365|HGNC:SF3B2;PACS1|Ensembl:ENSG00000175115|HGNC:PACS1;KLC2|Ensembl:ENSG00000174996|HGNC:KLC2;RAB1B|Ensembl:ENSG00000174903|HGNC:RAB1B;CNIH2|Ensembl:ENSG00000174871|HGNC:CNIH2;YIF1A|Ensembl:ENSG00000174851|HGNC:YIF1A;TMEM151A|Ensembl:ENSG00000179292|HGNC:TMEM151A
466|chr11|71800000|72450000,ZNF705E|Ensembl:ENSG00000214534|HGNC:ZNF705E;DEFB108B|Ensembl:ENSG00000184276|HGNC:DEFB108B;DEFB131B|Ensembl:ENSG00000225805|HGNC:DEFB131B;RNF121|Ensembl:ENSG00000137522|HGNC:RNF121;IL18BP|Ensembl:ENSG00000137496|HGNC:IL18BP;NUMA1|Ensembl:ENSG00000137497|HGNC:NUMA1;LRTOMT|Ensembl:ENSG00000184154|HGNC:LRTOMT;LAMTOR1|Ensembl:ENSG00000149357|HGNC:LAMTOR1;ANAPC15|Ensembl:ENSG00000110200|HGNC:ANAPC15;FOLR3|Ensembl:ENSG00000110203|HGNC:FOLR3;FOLR1|Ensembl:ENSG00000110195|HGNC:FOLR1;FOLR2|Ensembl:ENSG00000165457|HGNC:FOLR2;INPPL1|Ensembl:ENSG00000165458|HGNC:INPPL1;PHOX2A|Ensembl:ENSG00000165462|HGNC:PHOX2A;CLPB|Ensembl:ENSG00000162129|HGNC:CLPB
528|chr11|122600000|123100000,UBASH3B|Ensembl:ENSG00000154127|HGNC:UBASH3B;CRTAM|Ensembl:ENSG00000109943|HGNC:CRTAM;JHY|Ensembl:ENSG00000109944|HGNC:JHY;BSX|Ensembl:ENSG00000188909|HGNC:BSX;HSPA8|Ensembl:ENSG00000109971|HGNC:HSPA8;CLMP|Ensembl:ENSG00000166250|HGNC:CLMP
538|chr11|129350000|129800000,BARX2|Ensembl:ENSG00000043039|HGNC:BARX2
546|chr12|1650000|3050000,ADIPOR2|Ensembl:ENSG00000006831|HGNC:ADIPOR2;CACNA2D4|Ensembl:ENSG00000151062|HGNC:CACNA2D4;LRTM2|Ensembl:ENSG00000166159|HGNC:LRTM2;DCP1B|Ensembl:ENSG00000151065|HGNC:DCP1B;CACNA1C|Ensembl:ENSG00000151067|HGNC:CACNA1C;FKBP4|Ensembl:ENSG00000004478|HGNC:FKBP4;ITFG2|Ensembl:ENSG00000111203|HGNC:ITFG2;NRIP2|Ensembl:ENSG00000053702|HGNC:NRIP2;TEX52|Ensembl:ENSG00000283297|HGNC:TEX52;FOXM1|Ensembl:ENSG00000111206|HGNC:FOXM1;RHNO1|Ensembl:ENSG00000171792|HGNC:RHNO1;TULP3|Ensembl:ENSG00000078246|HGNC:TULP3;TEAD4|Ensembl:ENSG00000197905|HGNC:TEAD4
553|chr12|6300000|6550000,PLEKHG6|Ensembl:ENSG00000008323|HGNC:PLEKHG6;TNFRSF1A|Ensembl:ENSG00000067182|HGNC:TNFRSF1A;SCNN1A|Ensembl:ENSG00000111319|HGNC:SCNN1A;LTBR|Ensembl:ENSG00000111321|HGNC:LTBR;CD27|Ensembl:ENSG00000139193|HGNC:CD27;TAPBPL|Ensembl:ENSG00000139192|HGNC:TAPBPL;VAMP1|Ensembl:ENSG00000139190|HGNC:VAMP1;MRPL51|Ensembl:ENSG00000111639|HGNC:MRPL51;NCAPD2|Ensembl:ENSG00000010292|HGNC:NCAPD2;GAPDH|Ensembl:ENSG00000111640|HGNC:GAPDH;IFFO1|Ensembl:ENSG00000010295|HGNC:IFFO1
602|chr12|49050000|49650000,KMT2D|Ensembl:ENSG00000167548|HGNC:KMT2D;RHEBL1|Ensembl:ENSG00000167550|HGNC:RHEBL1;DHH|Ensembl:ENSG00000139549|HGNC:DHH;LMBR1L|Ensembl:ENSG00000139636|HGNC:LMBR1L;TUBA1B|Ensembl:ENSG00000123416|HGNC:TUBA1B;TUBA1A|Ensembl:ENSG00000167552|HGNC:TUBA1A;TUBA1C|Ensembl:ENSG00000167553|HGNC:TUBA1C;PRPH|Ensembl:ENSG00000135406|HGNC:PRPH;TROAP|Ensembl:ENSG00000135451|HGNC:TROAP;C1QL4|Ensembl:ENSG00000186897|HGNC:C1QL4;DNAJC22|Ensembl:ENSG00000178401|HGNC:DNAJC22;SPATS2|Ensembl:ENSG00000123352|HGNC:SPATS2;KCNH3|Ensembl:ENSG00000135519|HGNC:KCNH3;MCRS1|Ensembl:ENSG00000187778|HGNC:MCRS1;PRPF40B|Ensembl:ENSG00000110844|HGNC:PRPF40B;FAM186B|Ensembl:ENSG00000135436|HGNC:FAM186B;FMNL3|Ensembl:ENSG00000161791|HGNC:FMNL3
607|chr12|53050000|53550000,TNS2|Ensembl:ENSG00000111077|HGNC:TNS2;SPRYD3|Ensembl:ENSG00000167778|HGNC:SPRYD3;IGFBP6|Ensembl:ENSG00000167779|HGNC:IGFBP6;SOAT2|Ensembl:ENSG00000167780|HGNC:SOAT2;CSAD|Ensembl:ENSG00000139631|HGNC:CSAD;ZNF740|Ensembl:ENSG00000139651|HGNC:ZNF740;ITGB7|Ensembl:ENSG00000139626|HGNC:ITGB7;RARG|Ensembl:ENSG00000172819|HGNC:RARG;MFSD5|Ensembl:ENSG00000182544|HGNC:MFSD5;ESPL1|Ensembl:ENSG00000135476|HGNC:ESPL1;PFDN5|Ensembl:ENSG00000123349|HGNC:PFDN5;MYG1|Ensembl:ENSG00000139637|HGNC:MYG1;AAAS|Ensembl:ENSG00000094914|HGNC:AAAS;SP7|Ensembl:ENSG00000170374|HGNC:SP7;SP1|Ensembl:ENSG00000185591|HGNC:SP1;AMHR2|Ensembl:ENSG00000135409|HGNC:AMHR2;PRR13|Ensembl:ENSG00000205352|HGNC:PRR13;PCBP2|Ensembl:ENSG00000197111|HGNC:PCBP2;MAP3K12|Ensembl:ENSG00000139625|HGNC:MAP3K12;TARBP2|Ensembl:ENSG00000139546|HGNC:TARBP2;NPFF|Ensembl:ENSG00000139574|HGNC:NPFF;ATF7|Ensembl:ENSG00000170653|HGNC:ATF7
609|chr12|53800000|54550000,HOXC13|Ensembl:ENSG00000123364|HGNC:HOXC13;HOXC12|Ensembl:ENSG00000123407|HGNC:HOXC12;HOXC11|Ensembl:ENSG00000123388|HGNC:HOXC11;HOXC10|Ensembl:ENSG00000180818|HGNC:HOXC10;HOXC6|Ensembl:ENSG00000197757|HGNC:HOXC6;HOXC9|Ensembl:ENSG00000180806|HGNC:HOXC9;HOXC8|Ensembl:ENSG00000037965|HGNC:HOXC8;HOXC4|Ensembl:ENSG00000198353|HGNC:HOXC4;HOXC5|Ensembl:ENSG00000172789|HGNC:HOXC5;SMUG1|Ensembl:ENSG00000123415|HGNC:SMUG1;CBX5|Ensembl:ENSG00000094916|HGNC:CBX5;HNRNPA1|Ensembl:ENSG00000135486|HGNC:HNRNPA1;NFE2|Ensembl:ENSG00000123405|HGNC:NFE2;COPZ1|Ensembl:ENSG00000111481|HGNC:COPZ1;GPR84|Ensembl:ENSG00000139572|HGNC:GPR84;ZNF385A|Ensembl:ENSG00000161642|HGNC:ZNF385A;ITGA5|Ensembl:ENSG00000161638|HGNC:ITGA5;GTSF1|Ensembl:ENSG00000170627|HGNC:GTSF1;NCKAP1L|Ensembl:ENSG00000123338|HGNC:NCKAP1L;PDE1B|Ensembl:ENSG00000123360|HGNC:PDE1B
612|chr12|55750000|56650000,GDF11|Ensembl:ENSG00000135414|HGNC:GDF11;SARNP|Ensembl:ENSG00000205323|HGNC:SARNP;ORMDL2|Ensembl:ENSG00000123353|HGNC:ORMDL2;DNAJC14|Ensembl:ENSG00000135392|HGNC:DNAJC14;MMP19|Ensembl:ENSG00000123342|HGNC:MMP19;PYM1|Ensembl:ENSG00000170473|HGNC:PYM1;DGKA|Ensembl:ENSG00000065357|HGNC:DGKA;PMEL|Ensembl:ENSG00000185664|HGNC:PMEL;CDK2|Ensembl:ENSG00000123374|HGNC:CDK2;RAB5B|Ensembl:ENSG00000111540|HGNC:RAB5B;SUOX|Ensembl:ENSG00000139531|HGNC:SUOX;IKZF4|Ensembl:ENSG00000123411|HGNC:IKZF4;RPS26|Ensembl:ENSG00000197728|HGNC:RPS26;ERBB3|Ensembl:ENSG00000065361|HGNC:ERBB3;PA2G4|Ensembl:ENSG00000170515|HGNC:PA2G4;RPL41|Ensembl:ENSG00000229117|HGNC:RPL41;ESYT1|Ensembl:ENSG00000139641|HGNC:ESYT1;ZC3H10|Ensembl:ENSG00000135482|HGNC:ZC3H10;MYL6B|Ensembl:ENSG00000196465|HGNC:MYL6B;MYL6|Ensembl:ENSG00000092841|HGNC:MYL6;SMARCC2|Ensembl:ENSG00000139613|HGNC:SMARCC2;RNF41|Ensembl:ENSG00000181852|HGNC:RNF41;NABP2|Ensembl:ENSG00000139579|HGNC:NABP2;SLC39A5|Ensembl:ENSG00000139540|HGNC:SLC39A5;ANKRD52|Ensembl:ENSG00000139645|HGNC:ANKRD52;COQ10A|Ensembl:ENSG00000135469|HGNC:COQ10A;CS|Ensembl:ENSG00000062485|HGNC:CS;CNPY2|Ensembl:ENSG00000257727|HGNC:CNPY2;PAN2|Ensembl:ENSG00000135473|HGNC:PAN2;IL23A|Ensembl:ENSG00000110944|HGNC:IL23A;STAT2|Ensembl:ENSG00000170581|HGNC:STAT2;APOF|Ensembl:ENSG00000175336|HGNC:APOF;TIMELESS|Ensembl:ENSG00000111602|HGNC:TIMELESS;MIP|Ensembl:ENSG00000135517|HGNC:MIP;SPRYD4|Ensembl:ENSG00000176422|HGNC:SPRYD4;GLS2|Ensembl:ENSG00000135423|HGNC:GLS2;RBMS2|Ensembl:ENSG00000076067|HGNC:RBMS2;BAZ2A|Ensembl:ENSG00000076108|HGNC:BAZ2A;ATP5F1B|Ensembl:ENSG00000110955|HGNC:ATP5F1B
613|chr12|56700000|57800000,NACA|Ensembl:ENSG00000196531|HGNC:NACA;PRIM1|Ensembl:ENSG00000198056|HGNC:PRIM1;HSD17B6|Ensembl:ENSG00000025423|HGNC:HSD17B6;SDR9C7|Ensembl:ENSG00000170426|HGNC:SDR9C7;RDH16|Ensembl:ENSG00000139547|HGNC:RDH16;GPR182|Ensembl:ENSG00000166856|HGNC:GPR182;ZBTB39|Ensembl:ENSG00000166860|HGNC:ZBTB39;TAC3|Ensembl:ENSG00000166863|HGNC:TAC3;MYO1A|Ensembl:ENSG00000166866|HGNC:MYO1A;NEMP1|Ensembl:ENSG00000166881|HGNC:NEMP1;NAB2|Ensembl:ENSG00000166886|HGNC:NAB2;STAT6|Ensembl:ENSG00000166888|HGNC:STAT6;LRP1|Ensembl:ENSG00000123384|HGNC:LRP1;NXPH4|Ensembl:ENSG00000182379|HGNC:NXPH4;SHMT2|Ensembl:ENSG00000182199|HGNC:SHMT2;NDUFA4L2|Ensembl:ENSG00000185633|HGNC:NDUFA4L2;STAC3|Ensembl:ENSG00000185482|HGNC:STAC3;R3HDM2|Ensembl:ENSG00000179912|HGNC:R3HDM2;INHBC|Ensembl:ENSG00000175189|HGNC:INHBC;INHBE|Ensembl:ENSG00000139269|HGNC:INHBE;GLI1|Ensembl:ENSG00000111087|HGNC:GLI1;ARHGAP9|Ensembl:ENSG00000123329|HGNC:ARHGAP9;MARS1|Ensembl:ENSG00000166986|HGNC:MARS1;DDIT3|Ensembl:ENSG00000175197|HGNC:DDIT3;MBD6|Ensembl:ENSG00000166987|HGNC:MBD6;DCTN2|Ensembl:ENSG00000175203|HGNC:DCTN2;KIF5A|Ensembl:ENSG00000155980|HGNC:KIF5A;PIP4K2C|Ensembl:ENSG00000166908|HGNC:PIP4K2C;DTX3|Ensembl:ENSG00000178498|HGNC:DTX3;ARHGEF25|Ensembl:ENSG00000240771|HGNC:ARHGEF25;B4GALNT1|Ensembl:ENSG00000135454|HGNC:B4GALNT1;OS9|Ensembl:ENSG00000135506|HGNC:OS9;AGAP2|Ensembl:ENSG00000135439|HGNC:AGAP2;TSPAN31|Ensembl:ENSG00000135452|HGNC:TSPAN31;CDK4|Ensembl:ENSG00000135446|HGNC:CDK4;MARCHF9|Ensembl:ENSG00000139266|HGNC:MARCHF9;CYP27B1|Ensembl:ENSG00000111012|HGNC:CYP27B1;METTL1|Ensembl:ENSG00000037897|HGNC:METTL1;EEF1AKMT3|Ensembl:ENSG00000123427|HGNC:EEF1AKMT3;TSFM|Ensembl:ENSG00000123297|HGNC:TSFM;AVIL|Ensembl:ENSG00000135407|HGNC:AVIL
630|chr12|69300000|69650000,LYZ|Ensembl:ENSG00000090382|HGNC:LYZ;YEATS4|Ensembl:ENSG00000127337|HGNC:YEATS4;FRS2|Ensembl:ENSG00000166225|HGNC:FRS2;CCT2|Ensembl:ENSG00000166226|HGNC:CCT2;LRRC10|Ensembl:ENSG00000198812|HGNC:LRRC10;BEST3|Ensembl:ENSG00000127325|HGNC:BEST3
657|chr12|95100000|95600000,FGD6|Ensembl:ENSG00000180263|HGNC:FGD6;VEZT|Ensembl:ENSG00000028203|HGNC:VEZT;METAP2|Ensembl:ENSG00000111142|HGNC:METAP2;USP44|Ensembl:ENSG00000136014|HGNC:USP44
661|chr12|98550000|99050000,TMPO|Ensembl:ENSG00000120802|HGNC:TMPO;SLC25A3|Ensembl:ENSG00000075415|HGNC:SLC25A3;IKBIP|Ensembl:ENSG00000166130|HGNC:IKBIP;APAF1|Ensembl:ENSG00000120868|HGNC:APAF1;ANKS1B|Ensembl:ENSG00000185046|HGNC:ANKS1B
670|chr12|106450000|107050000,POLR3B|Ensembl:ENSG00000013503|HGNC:POLR3B;RFX4|Ensembl:ENSG00000111783|HGNC:RFX4;RIC8B|Ensembl:ENSG00000111785|HGNC:RIC8B;TMEM263|Ensembl:ENSG00000151135|HGNC:TMEM263;MTERF2|Ensembl:ENSG00000120832|HGNC:MTERF2;CRY1|Ensembl:ENSG00000008405|HGNC:CRY1
686|chr12|120150000|121350000,GCN1|Ensembl:ENSG00000089154|HGNC:GCN1;RPLP0|Ensembl:ENSG00000089157|HGNC:RPLP0;PXN|Ensembl:ENSG00000089159|HGNC:PXN;SIRT4|Ensembl:ENSG00000089163|HGNC:SIRT4;PLA2G1B|Ensembl:ENSG00000170890|HGNC:PLA2G1B;MSI1|Ensembl:ENSG00000135097|HGNC:MSI1;COX6A1|Ensembl:ENSG00000111775|HGNC:COX6A1;TRIAP1|Ensembl:ENSG00000170855|HGNC:TRIAP1;GATC|Ensembl:ENSG00000257218|HGNC:GATC;SRSF9|Ensembl:ENSG00000111786|HGNC:SRSF9;DYNLL1|Ensembl:ENSG00000088986|HGNC:DYNLL1;COQ5|Ensembl:ENSG00000110871|HGNC:COQ5;RNF10|Ensembl:ENSG00000022840|HGNC:RNF10;POP5|Ensembl:ENSG00000167272|HGNC:POP5;CABP1|Ensembl:ENSG00000157782|HGNC:CABP1;MLEC|Ensembl:ENSG00000110917|HGNC:MLEC;UNC119B|Ensembl:ENSG00000175970|HGNC:UNC119B;ACADS|Ensembl:ENSG00000122971|HGNC:ACADS;SPPL3|Ensembl:ENSG00000157837|HGNC:SPPL3;HNF1A|Ensembl:ENSG00000135100|HGNC:HNF1A;C12orf43|Ensembl:ENSG00000157895|HGNC:C12orf43;OASL|Ensembl:ENSG00000135114|HGNC:OASL;P2RX7|Ensembl:ENSG00000089041|HGNC:P2RX7;P2RX4|Ensembl:ENSG00000135124|HGNC:P2RX4;CAMKK2|Ensembl:ENSG00000110931|HGNC:CAMKK2;ANAPC5|Ensembl:ENSG00000089053|HGNC:ANAPC5
690|chr12|122550000|123700000,KNTC1|Ensembl:ENSG00000184445|HGNC:KNTC1;HCAR2|Ensembl:ENSG00000182782|HGNC:HCAR2;HCAR3|Ensembl:ENSG00000255398|HGNC:HCAR3;HCAR1|Ensembl:ENSG00000196917|HGNC:HCAR1;DENR|Ensembl:ENSG00000139726|HGNC:DENR;CCDC62|Ensembl:ENSG00000130783|HGNC:CCDC62;HIP1R|Ensembl:ENSG00000130787|HGNC:HIP1R;VPS37B|Ensembl:ENSG00000139722|HGNC:VPS37B;ABCB9|Ensembl:ENSG00000150967|HGNC:ABCB9;OGFOD2|Ensembl:ENSG00000111325|HGNC:OGFOD2;ARL6IP4|Ensembl:ENSG00000182196|HGNC:ARL6IP4;PITPNM2|Ensembl:ENSG00000090975|HGNC:PITPNM2;MPHOSPH9|Ensembl:ENSG00000051825|HGNC:MPHOSPH9;C12orf65|Ensembl:ENSG00000130921|HGNC:C12orf65;CDK2AP1|Ensembl:ENSG00000111328|HGNC:CDK2AP1;SBNO1|Ensembl:ENSG00000139697|HGNC:SBNO1;KMT5A|Ensembl:ENSG00000183955|HGNC:KMT5A;RILPL2|Ensembl:ENSG00000150977|HGNC:RILPL2;SNRNP35|Ensembl:ENSG00000184209|HGNC:SNRNP35;RILPL1|Ensembl:ENSG00000188026|HGNC:RILPL1;TMED2|Ensembl:ENSG00000086598|HGNC:TMED2;DDX55|Ensembl:ENSG00000111364|HGNC:DDX55;EIF2B1|Ensembl:ENSG00000111361|HGNC:EIF2B1;GTF2H3|Ensembl:ENSG00000111358|HGNC:GTF2H3;TCTN2|Ensembl:ENSG00000168778|HGNC:TCTN2
693|chr12|124400000|125000000,NCOR2|Ensembl:ENSG00000196498|HGNC:NCOR2;SCARB1|Ensembl:ENSG00000073060|HGNC:SCARB1;UBC|Ensembl:ENSG00000150991|HGNC:UBC;DHX37|Ensembl:ENSG00000150990|HGNC:DHX37;BRI3BP|Ensembl:ENSG00000184992|HGNC:BRI3BP
774|chr13|99600000|100600000,CLYBL|Ensembl:ENSG00000125246|HGNC:CLYBL;ZIC5|Ensembl:ENSG00000139800|HGNC:ZIC5;ZIC2|Ensembl:ENSG00000043355|HGNC:ZIC2;PCCA|Ensembl:ENSG00000175198|HGNC:PCCA;GGACT|Ensembl:ENSG00000134864|HGNC:GGACT
791|chr14|22950000|23100000,HAUS4|Ensembl:ENSG00000092036|HGNC:HAUS4;AJUBA|Ensembl:ENSG00000129474|HGNC:AJUBA;C14orf93|Ensembl:ENSG00000100802|HGNC:C14orf93;PSMB5|Ensembl:ENSG00000100804|HGNC:PSMB5;PSMB11|Ensembl:ENSG00000222028|HGNC:PSMB11;CDH24|Ensembl:ENSG00000139880|HGNC:CDH24;ACIN1|Ensembl:ENSG00000100813|HGNC:ACIN1;C14orf119|Ensembl:ENSG00000179933|HGNC:C14orf119;LMLN2|Ensembl:ENSG00000283654|HGNC:LMLN2
847|chr14|73100000|73650000,RBM25|Ensembl:ENSG00000119707|HGNC:RBM25;PSEN1|Ensembl:ENSG00000080815|HGNC:PSEN1;PAPLN|Ensembl:ENSG00000100767|HGNC:PAPLN;NUMB|Ensembl:ENSG00000133961|HGNC:NUMB;HEATR4|Ensembl:ENSG00000187105|HGNC:HEATR4;RIOX1|Ensembl:ENSG00000170468|HGNC:RIOX1;ACOT1|Ensembl:ENSG00000184227|HGNC:ACOT1;ACOT2|Ensembl:ENSG00000119673|HGNC:ACOT2;ACOT4|Ensembl:ENSG00000177465|HGNC:ACOT4;ACOT6|Ensembl:ENSG00000205669|HGNC:ACOT6;DNAL1|Ensembl:ENSG00000119661|HGNC:DNAL1
863|chr14|88600000|90250000,ZC3H14|Ensembl:ENSG00000100722|HGNC:ZC3H14;EML5|Ensembl:ENSG00000165521|HGNC:EML5;TTC8|Ensembl:ENSG00000165533|HGNC:TTC8;FOXN3|Ensembl:ENSG00000053254|HGNC:FOXN3;EFCAB11|Ensembl:ENSG00000140025|HGNC:EFCAB11;TDP1|Ensembl:ENSG00000042088|HGNC:TDP1;KCNK13|Ensembl:ENSG00000152315|HGNC:KCNK13
864|chr14|90250000|90850000,PSMC1|Ensembl:ENSG00000100764|HGNC:PSMC1;NRDE2|Ensembl:ENSG00000119720|HGNC:NRDE2;CALM1|Ensembl:ENSG00000198668|HGNC:CALM1;TTC7B|Ensembl:ENSG00000165914|HGNC:TTC7B;RPS6KA5|Ensembl:ENSG00000100784|HGNC:RPS6KA5
879|chr14|101950000|102350000,DYNC1H1|Ensembl:ENSG00000197102|HGNC:DYNC1H1;HSP90AA1|Ensembl:ENSG00000080824|HGNC:HSP90AA1;WDR20|Ensembl:ENSG00000140153|HGNC:WDR20;MOK|Ensembl:ENSG00000080823|HGNC:MOK;ZNF839|Ensembl:ENSG00000022976|HGNC:ZNF839;CINP|Ensembl:ENSG00000100865|HGNC:CINP
907|chr15|40450000|41400000,BAHD1|Ensembl:ENSG00000140320|HGNC:BAHD1;CHST14|Ensembl:ENSG00000169105|HGNC:CHST14;CCDC32|Ensembl:ENSG00000128891|HGNC:CCDC32;RPUSD2|Ensembl:ENSG00000166133|HGNC:RPUSD2;KNL1|Ensembl:ENSG00000137812|HGNC:KNL1;RAD51|Ensembl:ENSG00000051180|HGNC:RAD51;RMDN3|Ensembl:ENSG00000137824|HGNC:RMDN3;GCHFR|Ensembl:ENSG00000137880|HGNC:GCHFR;DNAJC17|Ensembl:ENSG00000104129|HGNC:DNAJC17;C15orf62|Ensembl:ENSG00000188277|HGNC:C15orf62;ZFYVE19|Ensembl:ENSG00000166140|HGNC:ZFYVE19;PPP1R14D|Ensembl:ENSG00000166143|HGNC:PPP1R14D;SPINT1|Ensembl:ENSG00000166145|HGNC:SPINT1;RHOV|Ensembl:ENSG00000104140|HGNC:RHOV;VPS18|Ensembl:ENSG00000104142|HGNC:VPS18;DLL4|Ensembl:ENSG00000128917|HGNC:DLL4;CHAC1|Ensembl:ENSG00000128965|HGNC:CHAC1;INO80|Ensembl:ENSG00000128908|HGNC:INO80;EXD1|Ensembl:ENSG00000178997|HGNC:EXD1;CHP1|Ensembl:ENSG00000187446|HGNC:CHP1;OIP5|Ensembl:ENSG00000104147|HGNC:OIP5;NUSAP1|Ensembl:ENSG00000137804|HGNC:NUSAP1;NDUFAF1|Ensembl:ENSG00000137806|HGNC:NDUFAF1
945|chr15|67900000|68300000,PIAS1|Ensembl:ENSG00000033800|HGNC:PIAS1;CALML4|Ensembl:ENSG00000129007|HGNC:CALML4;CLN6|Ensembl:ENSG00000128973|HGNC:CLN6;FEM1B|Ensembl:ENSG00000169018|HGNC:FEM1B;ITGA11|Ensembl:ENSG00000137809|HGNC:ITGA11
951|chr15|71850000|72200000,MYO9A|Ensembl:ENSG00000066933|HGNC:MYO9A;SENP8|Ensembl:ENSG00000166192|HGNC:SENP8;GRAMD2A|Ensembl:ENSG00000175318|HGNC:GRAMD2A;PKM|Ensembl:ENSG00000067225|HGNC:PKM
962|chr15|77950000|78800000,TBC1D2B|Ensembl:ENSG00000167202|HGNC:TBC1D2B;SH2D7|Ensembl:ENSG00000183476|HGNC:SH2D7;CIB2|Ensembl:ENSG00000136425|HGNC:CIB2;IDH3A|Ensembl:ENSG00000166411|HGNC:IDH3A;ACSBG1|Ensembl:ENSG00000103740|HGNC:ACSBG1;DNAJA4|Ensembl:ENSG00000140403|HGNC:DNAJA4;WDR61|Ensembl:ENSG00000140395|HGNC:WDR61;CRABP1|Ensembl:ENSG00000166426|HGNC:CRABP1;IREB2|Ensembl:ENSG00000136381|HGNC:IREB2;HYKK|Ensembl:ENSG00000188266|HGNC:HYKK;PSMA4|Ensembl:ENSG00000041357|HGNC:PSMA4;CHRNA5|Ensembl:ENSG00000169684|HGNC:CHRNA5;CHRNA3|Ensembl:ENSG00000080644|HGNC:CHRNA3;CHRNB4|Ensembl:ENSG00000117971|HGNC:CHRNB4;ADAMTS7|Ensembl:ENSG00000136378|HGNC:ADAMTS7
994|chr16|1950000|2250000,RPL3L|Ensembl:ENSG00000140986|HGNC:RPL3L;NDUFB10|Ensembl:ENSG00000140990|HGNC:NDUFB10;RPS2|Ensembl:ENSG00000140988|HGNC:RPS2;RNF151|Ensembl:ENSG00000179580|HGNC:RNF151;TBL3|Ensembl:ENSG00000183751|HGNC:TBL3;NOXO1|Ensembl:ENSG00000196408|HGNC:NOXO1;GFER|Ensembl:ENSG00000127554|HGNC:GFER;SYNGR3|Ensembl:ENSG00000127561|HGNC:SYNGR3;ZNF598|Ensembl:ENSG00000167962|HGNC:ZNF598;NPW|Ensembl:ENSG00000183971|HGNC:NPW;SLC9A3R2|Ensembl:ENSG00000065054|HGNC:SLC9A3R2;NTHL1|Ensembl:ENSG00000065057|HGNC:NTHL1;TSC2|Ensembl:ENSG00000103197|HGNC:TSC2;PKD1|Ensembl:ENSG00000008710|HGNC:PKD1;RAB26|Ensembl:ENSG00000167964|HGNC:RAB26;TRAF7|Ensembl:ENSG00000131653|HGNC:TRAF7;CASKIN1|Ensembl:ENSG00000167971|HGNC:CASKIN1;MLST8|Ensembl:ENSG00000167965|HGNC:MLST8;BRICD5|Ensembl:ENSG00000182685|HGNC:BRICD5;PGP|Ensembl:ENSG00000184207|HGNC:PGP;E4F1|Ensembl:ENSG00000167967|HGNC:E4F1;DNASE1L2|Ensembl:ENSG00000167968|HGNC:DNASE1L2;ECI1|Ensembl:ENSG00000167969|HGNC:ECI1
996|chr16|3000000|3450000,LINC00514|Ensembl:ENSG00000262152|HGNC:LINC00514;CLDN9|Ensembl:ENSG00000213937|HGNC:CLDN9;CLDN6|Ensembl:ENSG00000184697|HGNC:CLDN6;TNFRSF12A|Ensembl:ENSG00000006327|HGNC:TNFRSF12A;HCFC1R1|Ensembl:ENSG00000103145|HGNC:HCFC1R1;THOC6|Ensembl:ENSG00000131652|HGNC:THOC6;BICDL2|Ensembl:ENSG00000162069|HGNC:BICDL2;MMP25|Ensembl:ENSG00000008516|HGNC:MMP25;IL32|Ensembl:ENSG00000008517|HGNC:IL32;ZSCAN10|Ensembl:ENSG00000130182|HGNC:ZSCAN10;ZNF205|Ensembl:ENSG00000122386|HGNC:ZNF205;ZNF213|Ensembl:ENSG00000085644|HGNC:ZNF213;OR1F1|Ensembl:ENSG00000168124|HGNC:OR1F1;ZNF200|Ensembl:ENSG00000010539|HGNC:ZNF200;MEFV|Ensembl:ENSG00000103313|HGNC:MEFV;ZNF263|Ensembl:ENSG00000006194|HGNC:ZNF263;TIGD7|Ensembl:ENSG00000140993|HGNC:TIGD7;ZNF75A|Ensembl:ENSG00000162086|HGNC:ZNF75A;OR2C1|Ensembl:ENSG00000168158|HGNC:OR2C1;MTRNR2L4|Ensembl:ENSG00000232196|HGNC:MTRNR2L4;ZSCAN32|Ensembl:ENSG00000140987|HGNC:ZSCAN32;ZNF174|Ensembl:ENSG00000103343|HGNC:ZNF174;ZNF597|Ensembl:ENSG00000167981|HGNC:ZNF597;NAA60|Ensembl:ENSG00000122390|HGNC:NAA60
997|chr16|3500000|5050000,CLUAP1|Ensembl:ENSG00000103351|HGNC:CLUAP1;NLRC3|Ensembl:ENSG00000167984|HGNC:NLRC3;SLX4|Ensembl:ENSG00000188827|HGNC:SLX4;DNASE1|Ensembl:ENSG00000213918|HGNC:DNASE1;TRAP1|Ensembl:ENSG00000126602|HGNC:TRAP1;CREBBP|Ensembl:ENSG00000005339|HGNC:CREBBP;ADCY9|Ensembl:ENSG00000162104|HGNC:ADCY9;SRL|Ensembl:ENSG00000185739|HGNC:SRL;TFAP4|Ensembl:ENSG00000090447|HGNC:TFAP4;GLIS2|Ensembl:ENSG00000126603|HGNC:GLIS2;PAM16|Ensembl:ENSG00000217930|HGNC:PAM16;CORO7-PAM16|Ensembl:ENSG00000103426|HGNC:CORO7-PAM16;CORO7|Ensembl:ENSG00000262246|HGNC:CORO7;VASN|Ensembl:ENSG00000168140|HGNC:VASN;DNAJA3|Ensembl:ENSG00000103423|HGNC:DNAJA3;NMRAL1|Ensembl:ENSG00000153406|HGNC:NMRAL1;HMOX2|Ensembl:ENSG00000103415|HGNC:HMOX2;CDIP1|Ensembl:ENSG00000089486|HGNC:CDIP1;C16orf96|Ensembl:ENSG00000205832|HGNC:C16orf96;UBALD1|Ensembl:ENSG00000153443|HGNC:UBALD1;MGRN1|Ensembl:ENSG00000102858|HGNC:MGRN1;NUDT16L1|Ensembl:ENSG00000168101|HGNC:NUDT16L1;ANKS3|Ensembl:ENSG00000168096|HGNC:ANKS3;C16orf71|Ensembl:ENSG00000166246|HGNC:C16orf71;ZNF500|Ensembl:ENSG00000103199|HGNC:ZNF500;SEPTIN12|Ensembl:ENSG00000140623|HGNC:SEPTIN12;SMIM22|Ensembl:ENSG00000267795|HGNC:SMIM22;ROGDI|Ensembl:ENSG00000067836|HGNC:ROGDI;GLYR1|Ensembl:ENSG00000140632|HGNC:GLYR1;UBN1|Ensembl:ENSG00000118900|HGNC:UBN1;PPL|Ensembl:ENSG00000118898|HGNC:PPL;SEC14L5|Ensembl:ENSG00000103184|HGNC:SEC14L5;NAGPA|Ensembl:ENSG00000103174|HGNC:NAGPA;ALG1|Ensembl:ENSG00000033011|HGNC:ALG1;C16orf89|Ensembl:ENSG00000153446|HGNC:C16orf89
1011|chr16|18750000|19500000,RPS15A|Ensembl:ENSG00000134419|HGNC:RPS15A;ARL6IP1|Ensembl:ENSG00000170540|HGNC:ARL6IP1;SMG1|Ensembl:ENSG00000157106|HGNC:SMG1;TMC7|Ensembl:ENSG00000170537|HGNC:TMC7;COQ7|Ensembl:ENSG00000167186|HGNC:COQ7;ITPRIPL2|Ensembl:ENSG00000205730|HGNC:ITPRIPL2;SYT17|Ensembl:ENSG00000103528|HGNC:SYT17;CLEC19A|Ensembl:ENSG00000261210|HGNC:CLEC19A;TMC5|Ensembl:ENSG00000103534|HGNC:TMC5
1090|chr17|7200000|7700000,DLG4|Ensembl:ENSG00000132535|HGNC:DLG4;ACADVL|Ensembl:ENSG00000072778|HGNC:ACADVL;DVL2|Ensembl:ENSG00000004975|HGNC:DVL2;PHF23|Ensembl:ENSG00000040633|HGNC:PHF23;GABARAP|Ensembl:ENSG00000170296|HGNC:GABARAP;CTDNEP1|Ensembl:ENSG00000175826|HGNC:CTDNEP1;ELP5|Ensembl:ENSG00000170291|HGNC:ELP5;CLDN7|Ensembl:ENSG00000181885|HGNC:CLDN7;SLC2A4|Ensembl:ENSG00000181856|HGNC:SLC2A4;YBX2|Ensembl:ENSG00000006047|HGNC:YBX2;EIF5A|Ensembl:ENSG00000132507|HGNC:EIF5A;GPS2|Ensembl:ENSG00000132522|HGNC:GPS2;NEURL4|Ensembl:ENSG00000215041|HGNC:NEURL4;ACAP1|Ensembl:ENSG00000072818|HGNC:ACAP1;KCTD11|Ensembl:ENSG00000213859|HGNC:KCTD11;TMEM95|Ensembl:ENSG00000182896|HGNC:TMEM95;TNK1|Ensembl:ENSG00000174292|HGNC:TNK1;PLSCR3|Ensembl:ENSG00000187838|HGNC:PLSCR3;TMEM256-PLSCR3|Ensembl:ENSG00000262481|HGNC:TMEM256-PLSCR3;TMEM256|Ensembl:ENSG00000205544|HGNC:TMEM256;NLGN2|Ensembl:ENSG00000169992|HGNC:NLGN2;SPEM1|Ensembl:ENSG00000181323|HGNC:SPEM1;SPEM2|Ensembl:ENSG00000184560|HGNC:SPEM2;SPEM3|Ensembl:ENSG00000283439|HGNC:SPEM3;TMEM102|Ensembl:ENSG00000181284|HGNC:TMEM102;FGF11|Ensembl:ENSG00000161958|HGNC:FGF11;CHRNB1|Ensembl:ENSG00000170175|HGNC:CHRNB1;ZBTB4|Ensembl:ENSG00000174282|HGNC:ZBTB4;SLC35G6|Ensembl:ENSG00000259224|HGNC:SLC35G6;POLR2A|Ensembl:ENSG00000181222|HGNC:POLR2A;TNFSF12|Ensembl:ENSG00000239697|HGNC:TNFSF12;TNFSF12-TNFSF13|Ensembl:ENSG00000248871|HGNC:TNFSF12-TNFSF13;TNFSF13|Ensembl:ENSG00000161955|HGNC:TNFSF13;SENP3|Ensembl:ENSG00000161956|HGNC:SENP3;SENP3-EIF4A1|Ensembl:ENSG00000277957|HGNC:SENP3-EIF4A1;EIF4A1|Ensembl:ENSG00000161960|HGNC:EIF4A1;CD68|Ensembl:ENSG00000129226|HGNC:CD68;MPDU1|Ensembl:ENSG00000129255|HGNC:MPDU1;SOX15|Ensembl:ENSG00000129194|HGNC:SOX15;FXR2|Ensembl:ENSG00000129245|HGNC:FXR2;SHBG|Ensembl:ENSG00000129214|HGNC:SHBG;SAT2|Ensembl:ENSG00000141504|HGNC:SAT2;ATP1B2|Ensembl:ENSG00000129244|HGNC:ATP1B2;TP53|Ensembl:ENSG00000141510|HGNC:TP53;WRAP53|Ensembl:ENSG00000141499|HGNC:WRAP53
1091|chr17|7700000|8050000,WRAP53|Ensembl:ENSG00000141499|HGNC:WRAP53;EFNB3|Ensembl:ENSG00000108947|HGNC:EFNB3;DNAH2|Ensembl:ENSG00000183914|HGNC:DNAH2;KDM6B|Ensembl:ENSG00000132510|HGNC:KDM6B;TMEM88|Ensembl:ENSG00000167874|HGNC:TMEM88;NAA38|Ensembl:ENSG00000183011|HGNC:NAA38;CYB5D1|Ensembl:ENSG00000182224|HGNC:CYB5D1;CHD3|Ensembl:ENSG00000170004|HGNC:CHD3;RNF227|Ensembl:ENSG00000179859|HGNC:RNF227;KCNAB3|Ensembl:ENSG00000170049|HGNC:KCNAB3;TRAPPC1|Ensembl:ENSG00000170043|HGNC:TRAPPC1;CNTROB|Ensembl:ENSG00000170037|HGNC:CNTROB;GUCY2D|Ensembl:ENSG00000132518|HGNC:GUCY2D;ALOX15B|Ensembl:ENSG00000179593|HGNC:ALOX15B
1104|chr17|16100000|16400000,NCOR1|Ensembl:ENSG00000141027|HGNC:NCOR1;PIGL|Ensembl:ENSG00000108474|HGNC:PIGL;CENPV|Ensembl:ENSG00000166582|HGNC:CENPV;UBB|Ensembl:ENSG00000170315|HGNC:UBB
1123|chr17|31400000|32450000,RAB11FIP4|Ensembl:ENSG00000131242|HGNC:RAB11FIP4;COPRS|Ensembl:ENSG00000172301|HGNC:COPRS;UTP6|Ensembl:ENSG00000108651|HGNC:UTP6;SUZ12|Ensembl:ENSG00000178691|HGNC:SUZ12;LRRC37B|Ensembl:ENSG00000185158|HGNC:LRRC37B;RHOT1|Ensembl:ENSG00000126858|HGNC:RHOT1;RHBDL3|Ensembl:ENSG00000141314|HGNC:RHBDL3;C17orf75|Ensembl:ENSG00000108666|HGNC:C17orf75;ZNF207|Ensembl:ENSG00000010244|HGNC:ZNF207;PSMD11|Ensembl:ENSG00000108671|HGNC:PSMD11
1124|chr17|32450000|33000000,PSMD11|Ensembl:ENSG00000108671|HGNC:PSMD11;CDK5R1|Ensembl:ENSG00000176749|HGNC:CDK5R1;MYO1D|Ensembl:ENSG00000176658|HGNC:MYO1D;TMEM98|Ensembl:ENSG00000006042|HGNC:TMEM98;SPACA3|Ensembl:ENSG00000141316|HGNC:SPACA3
1133|chr17|39200000|39550000,RPL19|Ensembl:ENSG00000108298|HGNC:RPL19;STAC2|Ensembl:ENSG00000141750|HGNC:STAC2;FBXL20|Ensembl:ENSG00000108306|HGNC:FBXL20;MED1|Ensembl:ENSG00000125686|HGNC:MED1;CDK12|Ensembl:ENSG00000167258|HGNC:CDK12
1138|chr17|42550000|43350000,HSD17B1|Ensembl:ENSG00000108786|HGNC:HSD17B1;COASY|Ensembl:ENSG00000068120|HGNC:COASY;MLX|Ensembl:ENSG00000108788|HGNC:MLX;PSMC3IP|Ensembl:ENSG00000131470|HGNC:PSMC3IP;RETREG3|Ensembl:ENSG00000141699|HGNC:RETREG3;TUBG1|Ensembl:ENSG00000131462|HGNC:TUBG1;TUBG2|Ensembl:ENSG00000037042|HGNC:TUBG2;PLEKHH3|Ensembl:ENSG00000068137|HGNC:PLEKHH3;CCR10|Ensembl:ENSG00000184451|HGNC:CCR10;CNTNAP1|Ensembl:ENSG00000108797|HGNC:CNTNAP1;EZH1|Ensembl:ENSG00000108799|HGNC:EZH1;RAMP2|Ensembl:ENSG00000131477|HGNC:RAMP2;VPS25|Ensembl:ENSG00000131475|HGNC:VPS25;WNK4|Ensembl:ENSG00000126562|HGNC:WNK4;COA3|Ensembl:ENSG00000183978|HGNC:COA3;CNTD1|Ensembl:ENSG00000176563|HGNC:CNTD1;BECN1|Ensembl:ENSG00000126581|HGNC:BECN1;PSME3|Ensembl:ENSG00000131467|HGNC:PSME3;AOC2|Ensembl:ENSG00000131480|HGNC:AOC2;AOC3|Ensembl:ENSG00000131471|HGNC:AOC3;G6PC|Ensembl:ENSG00000131482|HGNC:G6PC;AARSD1|Ensembl:ENSG00000266967|HGNC:AARSD1;PTGES3L-AARSD1|Ensembl:ENSG00000108825|HGNC:PTGES3L-AARSD1;PTGES3L|Ensembl:ENSG00000267060|HGNC:PTGES3L;RUNDC1|Ensembl:ENSG00000198863|HGNC:RUNDC1;RPL27|Ensembl:ENSG00000131469|HGNC:RPL27;IFI35|Ensembl:ENSG00000068079|HGNC:IFI35;VAT1|Ensembl:ENSG00000108828|HGNC:VAT1;RND2|Ensembl:ENSG00000108830|HGNC:RND2;BRCA1|Ensembl:ENSG00000012048|HGNC:BRCA1;NBR1|Ensembl:ENSG00000188554|HGNC:NBR1;TMEM106A|Ensembl:ENSG00000184988|HGNC:TMEM106A;CCDC200|Ensembl:ENSG00000236383|HGNC:CCDC200
1151|chr17|50500000|51250000,MYCBPAP|Ensembl:ENSG00000136449|HGNC:MYCBPAP;EPN3|Ensembl:ENSG00000049283|HGNC:EPN3;SPATA20|Ensembl:ENSG00000006282|HGNC:SPATA20;CACNA1G|Ensembl:ENSG00000006283|HGNC:CACNA1G;ABCC3|Ensembl:ENSG00000108846|HGNC:ABCC3;ANKRD40|Ensembl:ENSG00000154945|HGNC:ANKRD40;LUC7L3|Ensembl:ENSG00000108848|HGNC:LUC7L3;ANKRD40CL|Ensembl:ENSG00000167117|HGNC:ANKRD40CL;WFIKKN2|Ensembl:ENSG00000173714|HGNC:WFIKKN2;TOB1|Ensembl:ENSG00000141232|HGNC:TOB1;SPAG9|Ensembl:ENSG00000008294|HGNC:SPAG9;NME1|Ensembl:ENSG00000239672|HGNC:NME1;NME1-NME2|Ensembl:ENSG00000011052|HGNC:NME1-NME2;NME2|Ensembl:ENSG00000243678|HGNC:NME2;MBTD1|Ensembl:ENSG00000011258|HGNC:MBTD1
1182|chr17|76550000|76750000,CYGB|Ensembl:ENSG00000161544|HGNC:CYGB;PRCD|Ensembl:ENSG00000214140|HGNC:PRCD;ST6GALNAC2|Ensembl:ENSG00000070731|HGNC:ST6GALNAC2;ST6GALNAC1|Ensembl:ENSG00000070526|HGNC:ST6GALNAC1;MXRA7|Ensembl:ENSG00000182534|HGNC:MXRA7;JMJD6|Ensembl:ENSG00000070495|HGNC:JMJD6;METTL23|Ensembl:ENSG00000181038|HGNC:METTL23;SRSF2|Ensembl:ENSG00000161547|HGNC:SRSF2;MFSD11|Ensembl:ENSG00000092931|HGNC:MFSD11
1263|chr19|300000|1250000,MIER2|Ensembl:ENSG00000105556|HGNC:MIER2;THEG|Ensembl:ENSG00000105549|HGNC:THEG;C2CD4C|Ensembl:ENSG00000183186|HGNC:C2CD4C;SHC2|Ensembl:ENSG00000129946|HGNC:SHC2;ODF3L2|Ensembl:ENSG00000181781|HGNC:ODF3L2;MADCAM1|Ensembl:ENSG00000099866|HGNC:MADCAM1;TPGS1|Ensembl:ENSG00000141933|HGNC:TPGS1;CDC34|Ensembl:ENSG00000099804|HGNC:CDC34;GZMM|Ensembl:ENSG00000197540|HGNC:GZMM;BSG|Ensembl:ENSG00000172270|HGNC:BSG;HCN2|Ensembl:ENSG00000099822|HGNC:HCN2;POLRMT|Ensembl:ENSG00000099821|HGNC:POLRMT;FGF22|Ensembl:ENSG00000070388|HGNC:FGF22;RNF126|Ensembl:ENSG00000070423|HGNC:RNF126;FSTL3|Ensembl:ENSG00000070404|HGNC:FSTL3;PRSS57|Ensembl:ENSG00000185198|HGNC:PRSS57;PALM|Ensembl:ENSG00000099864|HGNC:PALM;MISP|Ensembl:ENSG00000099812|HGNC:MISP;PTBP1|Ensembl:ENSG00000011304|HGNC:PTBP1;PLPPR3|Ensembl:ENSG00000129951|HGNC:PLPPR3;AZU1|Ensembl:ENSG00000172232|HGNC:AZU1;PRTN3|Ensembl:ENSG00000196415|HGNC:PRTN3;ELANE|Ensembl:ENSG00000197561|HGNC:ELANE;CFD|Ensembl:ENSG00000197766|HGNC:CFD;MED16|Ensembl:ENSG00000175221|HGNC:MED16;R3HDM4|Ensembl:ENSG00000198858|HGNC:R3HDM4;KISS1R|Ensembl:ENSG00000116014|HGNC:KISS1R;ARID3A|Ensembl:ENSG00000116017|HGNC:ARID3A;WDR18|Ensembl:ENSG00000065268|HGNC:WDR18;GRIN3B|Ensembl:ENSG00000116032|HGNC:GRIN3B;TMEM259|Ensembl:ENSG00000182087|HGNC:TMEM259;CNN2|Ensembl:ENSG00000064666|HGNC:CNN2;ABCA7|Ensembl:ENSG00000064687|HGNC:ABCA7;ARHGAP45|Ensembl:ENSG00000180448|HGNC:ARHGAP45;POLR2E|Ensembl:ENSG00000099817|HGNC:POLR2E;GPX4|Ensembl:ENSG00000167468|HGNC:GPX4;SBNO2|Ensembl:ENSG00000064932|HGNC:SBNO2;STK11|Ensembl:ENSG00000118046|HGNC:STK11;CBARP|Ensembl:ENSG00000099625|HGNC:CBARP;ATP5F1D|Ensembl:ENSG00000099624|HGNC:ATP5F1D;MIDN|Ensembl:ENSG00000167470|HGNC:MIDN
1270|chr19|3700000|4300000,PIP5K1C|Ensembl:ENSG00000186111|HGNC:PIP5K1C;TJP3|Ensembl:ENSG00000105289|HGNC:TJP3;APBA3|Ensembl:ENSG00000011132|HGNC:APBA3;MRPL54|Ensembl:ENSG00000183617|HGNC:MRPL54;RAX2|Ensembl:ENSG00000173976|HGNC:RAX2;MATK|Ensembl:ENSG00000007264|HGNC:MATK;ZFR2|Ensembl:ENSG00000105278|HGNC:ZFR2;ATCAY|Ensembl:ENSG00000167654|HGNC:ATCAY;NMRK2|Ensembl:ENSG00000077009|HGNC:NMRK2;DAPK3|Ensembl:ENSG00000167657|HGNC:DAPK3;EEF2|Ensembl:ENSG00000167658|HGNC:EEF2;PIAS4|Ensembl:ENSG00000105229|HGNC:PIAS4;ZBTB7A|Ensembl:ENSG00000178951|HGNC:ZBTB7A;MAP2K2|Ensembl:ENSG00000126934|HGNC:MAP2K2;CREB3L3|Ensembl:ENSG00000060566|HGNC:CREB3L3;SIRT6|Ensembl:ENSG00000077463|HGNC:SIRT6;ANKRD24|Ensembl:ENSG00000089847|HGNC:ANKRD24;EBI3|Ensembl:ENSG00000105246|HGNC:EBI3;YJU2|Ensembl:ENSG00000105248|HGNC:YJU2;SHD|Ensembl:ENSG00000105251|HGNC:SHD;TMIGD2|Ensembl:ENSG00000167664|HGNC:TMIGD2
1275|chr19|8300000|8550000,CD320|Ensembl:ENSG00000167775|HGNC:CD320;NDUFA7|Ensembl:ENSG00000267855|HGNC:NDUFA7;RPS28|Ensembl:ENSG00000233927|HGNC:RPS28;KANK3|Ensembl:ENSG00000186994|HGNC:KANK3;ANGPTL4|Ensembl:ENSG00000167772|HGNC:ANGPTL4;RAB11B|Ensembl:ENSG00000185236|HGNC:RAB11B;MARCHF2|Ensembl:ENSG00000099785|HGNC:MARCHF2;HNRNPM|Ensembl:ENSG00000099783|HGNC:HNRNPM;PRAM1|Ensembl:ENSG00000133246|HGNC:PRAM1;ZNF414|Ensembl:ENSG00000133250|HGNC:ZNF414;MYO1F|Ensembl:ENSG00000142347|HGNC:MYO1F
1288|chr19|17350000|18400000,PLVAP|Ensembl:ENSG00000130300|HGNC:PLVAP;CCDC194|Ensembl:ENSG00000269720|HGNC:CCDC194;BST2|Ensembl:ENSG00000130303|HGNC:BST2;MVB12A|Ensembl:ENSG00000141971|HGNC:MVB12A;TMEM221|Ensembl:ENSG00000188051|HGNC:TMEM221;NXNL1|Ensembl:ENSG00000171773|HGNC:NXNL1;SLC27A1|Ensembl:ENSG00000130304|HGNC:SLC27A1;PGLS|Ensembl:ENSG00000130313|HGNC:PGLS;NIBAN3|Ensembl:ENSG00000167483|HGNC:NIBAN3;COLGALT1|Ensembl:ENSG00000130309|HGNC:COLGALT1;UNC13A|Ensembl:ENSG00000130477|HGNC:UNC13A;MAP1S|Ensembl:ENSG00000130479|HGNC:MAP1S;FCHO1|Ensembl:ENSG00000130475|HGNC:FCHO1;B3GNT3|Ensembl:ENSG00000179913|HGNC:B3GNT3;INSL3|Ensembl:ENSG00000248099|HGNC:INSL3;JAK3|Ensembl:ENSG00000105639|HGNC:JAK3;RPL18A|Ensembl:ENSG00000105640|HGNC:RPL18A;SLC5A5|Ensembl:ENSG00000105641|HGNC:SLC5A5;CCDC124|Ensembl:ENSG00000007080|HGNC:CCDC124;KCNN1|Ensembl:ENSG00000105642|HGNC:KCNN1;ARRDC2|Ensembl:ENSG00000105643|HGNC:ARRDC2;IL12RB1|Ensembl:ENSG00000096996|HGNC:IL12RB1;MAST3|Ensembl:ENSG00000099308|HGNC:MAST3;PIK3R2|Ensembl:ENSG00000105647|HGNC:PIK3R2;IFI30|Ensembl:ENSG00000216490|HGNC:IFI30;MPV17L2|Ensembl:ENSG00000254858|HGNC:MPV17L2;RAB3A|Ensembl:ENSG00000105649|HGNC:RAB3A;PDE4C|Ensembl:ENSG00000105650|HGNC:PDE4C;IQCN|Ensembl:ENSG00000130518|HGNC:IQCN;JUND|Ensembl:ENSG00000130522|HGNC:JUND;LSM4|Ensembl:ENSG00000130520|HGNC:LSM4;PGPEP1|Ensembl:ENSG00000130517|HGNC:PGPEP1;GDF15|Ensembl:ENSG00000130513|HGNC:GDF15;LRRC25|Ensembl:ENSG00000175489|HGNC:LRRC25
1289|chr19|18450000|19500000,ELL|Ensembl:ENSG00000105656|HGNC:ELL;FKBP8|Ensembl:ENSG00000105701|HGNC:FKBP8;KXD1|Ensembl:ENSG00000105700|HGNC:KXD1;UBA52|Ensembl:ENSG00000221983|HGNC:UBA52;CRLF1|Ensembl:ENSG00000006016|HGNC:CRLF1;REX1BD|Ensembl:ENSG00000006015|HGNC:REX1BD;TMEM59L|Ensembl:ENSG00000105696|HGNC:TMEM59L;KLHL26|Ensembl:ENSG00000167487|HGNC:KLHL26;CRTC1|Ensembl:ENSG00000105662|HGNC:CRTC1;COMP|Ensembl:ENSG00000105664|HGNC:COMP;UPF1|Ensembl:ENSG00000005007|HGNC:UPF1;GDF1|Ensembl:ENSG00000130283|HGNC:GDF1;CERS1|Ensembl:ENSG00000223802|HGNC:CERS1;COPE|Ensembl:ENSG00000105669|HGNC:COPE;DDX49|Ensembl:ENSG00000105671|HGNC:DDX49;HOMER3|Ensembl:ENSG00000051128|HGNC:HOMER3;SUGP2|Ensembl:ENSG00000064607|HGNC:SUGP2;ARMC6|Ensembl:ENSG00000105676|HGNC:ARMC6;SLC25A42|Ensembl:ENSG00000181035|HGNC:SLC25A42;TMEM161A|Ensembl:ENSG00000064545|HGNC:TMEM161A;MEF2B|Ensembl:ENSG00000213999|HGNC:MEF2B;BORCS8-MEF2B|Ensembl:ENSG00000064489|HGNC:BORCS8-MEF2B;BORCS8|Ensembl:ENSG00000254901|HGNC:BORCS8;RFXANK|Ensembl:ENSG00000064490|HGNC:RFXANK;NR2C2AP|Ensembl:ENSG00000184162|HGNC:NR2C2AP;NCAN|Ensembl:ENSG00000130287|HGNC:NCAN;HAPLN4|Ensembl:ENSG00000187664|HGNC:HAPLN4;TM6SF2|Ensembl:ENSG00000213996|HGNC:TM6SF2;SUGP1|Ensembl:ENSG00000105705|HGNC:SUGP1;MAU2|Ensembl:ENSG00000129933|HGNC:MAU2;GATAD2A|Ensembl:ENSG00000167491|HGNC:GATAD2A
1301|chr19|39000000|39400000,FBXO27|Ensembl:ENSG00000161243|HGNC:FBXO27;ACP7|Ensembl:ENSG00000183760|HGNC:ACP7;PAK4|Ensembl:ENSG00000130669|HGNC:PAK4;NCCRP1|Ensembl:ENSG00000188505|HGNC:NCCRP1;SYCN|Ensembl:ENSG00000179751|HGNC:SYCN;IFNL3|Ensembl:ENSG00000197110|HGNC:IFNL3;IFNL2|Ensembl:ENSG00000183709|HGNC:IFNL2;IFNL1|Ensembl:ENSG00000182393|HGNC:IFNL1;LRFN1|Ensembl:ENSG00000128011|HGNC:LRFN1;GMFG|Ensembl:ENSG00000130755|HGNC:GMFG;SAMD4B|Ensembl:ENSG00000179134|HGNC:SAMD4B;PAF1|Ensembl:ENSG00000006712|HGNC:PAF1;MED29|Ensembl:ENSG00000063322|HGNC:MED29
1305|chr19|42100000|42450000,POU2F2|Ensembl:ENSG00000028277|HGNC:POU2F2;DEDD2|Ensembl:ENSG00000160570|HGNC:DEDD2;ZNF526|Ensembl:ENSG00000167625|HGNC:ZNF526;GSK3A|Ensembl:ENSG00000105723|HGNC:GSK3A;ERF|Ensembl:ENSG00000105722|HGNC:ERF;CIC|Ensembl:ENSG00000079432|HGNC:CIC;PAFAH1B3|Ensembl:ENSG00000079462|HGNC:PAFAH1B3;PRR19|Ensembl:ENSG00000188368|HGNC:PRR19;TMEM145|Ensembl:ENSG00000167619|HGNC:TMEM145;MEGF8|Ensembl:ENSG00000105429|HGNC:MEGF8;CNFN|Ensembl:ENSG00000105427|HGNC:CNFN;LIPE|Ensembl:ENSG00000079435|HGNC:LIPE;CXCL17|Ensembl:ENSG00000189377|HGNC:CXCL17
1316|chr19|49000000|49900000,RUVBL2|Ensembl:ENSG00000183207|HGNC:RUVBL2;LHB|Ensembl:ENSG00000104826|HGNC:LHB;CGB3|Ensembl:ENSG00000104827|HGNC:CGB3;CGB2|Ensembl:ENSG00000104818|HGNC:CGB2;CGB1|Ensembl:ENSG00000267631|HGNC:CGB1;CGB5|Ensembl:ENSG00000189052|HGNC:CGB5;CGB8|Ensembl:ENSG00000213030|HGNC:CGB8;CGB7|Ensembl:ENSG00000196337|HGNC:CGB7;NTF4|Ensembl:ENSG00000225950|HGNC:NTF4;KCNA7|Ensembl:ENSG00000104848|HGNC:KCNA7;SNRNP70|Ensembl:ENSG00000104852|HGNC:SNRNP70;LIN7B|Ensembl:ENSG00000104863|HGNC:LIN7B;C19orf73|Ensembl:ENSG00000221916|HGNC:C19orf73;PPFIA3|Ensembl:ENSG00000177380|HGNC:PPFIA3;HRC|Ensembl:ENSG00000130528|HGNC:HRC;TRPM4|Ensembl:ENSG00000130529|HGNC:TRPM4;SLC6A16|Ensembl:ENSG00000063127|HGNC:SLC6A16;CD37|Ensembl:ENSG00000104894|HGNC:CD37;TEAD2|Ensembl:ENSG00000074219|HGNC:TEAD2;DKKL1|Ensembl:ENSG00000104901|HGNC:DKKL1;KASH5|Ensembl:ENSG00000161609|HGNC:KASH5;PTH2|Ensembl:ENSG00000142538|HGNC:PTH2;GFY|Ensembl:ENSG00000261949|HGNC:GFY;SLC17A7|Ensembl:ENSG00000104888|HGNC:SLC17A7;PIH1D1|Ensembl:ENSG00000104872|HGNC:PIH1D1;ALDH16A1|Ensembl:ENSG00000161618|HGNC:ALDH16A1;FLT3LG|Ensembl:ENSG00000090554|HGNC:FLT3LG;RPL13A|Ensembl:ENSG00000142541|HGNC:RPL13A;RPS11|Ensembl:ENSG00000142534|HGNC:RPS11;FCGRT|Ensembl:ENSG00000104870|HGNC:FCGRT;RCN3|Ensembl:ENSG00000142552|HGNC:RCN3;NOSIP|Ensembl:ENSG00000142546|HGNC:NOSIP;PRRG2|Ensembl:ENSG00000126460|HGNC:PRRG2;PRR12|Ensembl:ENSG00000126464|HGNC:PRR12;RRAS|Ensembl:ENSG00000126458|HGNC:RRAS;SCAF1|Ensembl:ENSG00000126461|HGNC:SCAF1;IRF3|Ensembl:ENSG00000126456|HGNC:IRF3;BCL2L12|Ensembl:ENSG00000126453|HGNC:BCL2L12;PRMT1|Ensembl:ENSG00000126457|HGNC:PRMT1;ADM5|Ensembl:ENSG00000224420|HGNC:ADM5;CPT1C|Ensembl:ENSG00000169169|HGNC:CPT1C;TSKS|Ensembl:ENSG00000126467|HGNC:TSKS;AP2A1|Ensembl:ENSG00000196961|HGNC:AP2A1;FUZ|Ensembl:ENSG00000010361|HGNC:FUZ;MED25|Ensembl:ENSG00000104973|HGNC:MED25;PTOV1|Ensembl:ENSG00000104960|HGNC:PTOV1;PNKP|Ensembl:ENSG00000039650|HGNC:PNKP;AKT1S1|Ensembl:ENSG00000204673|HGNC:AKT1S1;TBC1D17|Ensembl:ENSG00000104946|HGNC:TBC1D17;IL4I1|Ensembl:ENSG00000104951|HGNC:IL4I1
1337|chr2|10100000|10700000,RRM2|Ensembl:ENSG00000171848|HGNC:RRM2;HPCAL1|Ensembl:ENSG00000115756|HGNC:HPCAL1;ODC1|Ensembl:ENSG00000115758|HGNC:ODC1;NOL10|Ensembl:ENSG00000115761|HGNC:NOL10
1364|chr2|36800000|37100000,VIT|Ensembl:ENSG00000205221|HGNC:VIT;STRN|Ensembl:ENSG00000115808|HGNC:STRN;HEATR5B|Ensembl:ENSG00000008869|HGNC:HEATR5B;GPATCH11|Ensembl:ENSG00000152133|HGNC:GPATCH11;EIF2AK2|Ensembl:ENSG00000055332|HGNC:EIF2AK2
1365|chr2|37100000|37900000,EIF2AK2|Ensembl:ENSG00000055332|HGNC:EIF2AK2;SULT6B1|Ensembl:ENSG00000138068|HGNC:SULT6B1;CEBPZOS|Ensembl:ENSG00000218739|HGNC:CEBPZOS;CEBPZ|Ensembl:ENSG00000115816|HGNC:CEBPZ;NDUFAF7|Ensembl:ENSG00000003509|HGNC:NDUFAF7;PRKD3|Ensembl:ENSG00000115825|HGNC:PRKD3;QPCT|Ensembl:ENSG00000115828|HGNC:QPCT;CDC42EP3|Ensembl:ENSG00000163171|HGNC:CDC42EP3
1401|chr2|69900000|70300000,SNRNP27|Ensembl:ENSG00000124380|HGNC:SNRNP27;MXD1|Ensembl:ENSG00000059728|HGNC:MXD1;ASPRV1|Ensembl:ENSG00000244617|HGNC:ASPRV1;PCBP1|Ensembl:ENSG00000169564|HGNC:PCBP1;C2orf42|Ensembl:ENSG00000115998|HGNC:C2orf42;TIA1|Ensembl:ENSG00000116001|HGNC:TIA1;PCYOX1|Ensembl:ENSG00000116005|HGNC:PCYOX1;SNRPG|Ensembl:ENSG00000143977|HGNC:SNRPG;FAM136A|Ensembl:ENSG00000035141|HGNC:FAM136A
1413|chr2|84450000|84950000,SUCLG1|Ensembl:ENSG00000163541|HGNC:SUCLG1;DNAH6|Ensembl:ENSG00000115423|HGNC:DNAH6;TRABD2A|Ensembl:ENSG00000186854|HGNC:TRABD2A;TMSB10|Ensembl:ENSG00000034510|HGNC:TMSB10
1464|chr2|134950000|135900000,CCNT2|Ensembl:ENSG00000082258|HGNC:CCNT2;MAP3K19|Ensembl:ENSG00000176601|HGNC:MAP3K19;RAB3GAP1|Ensembl:ENSG00000115839|HGNC:RAB3GAP1;ZRANB3|Ensembl:ENSG00000121988|HGNC:ZRANB3;R3HDM1|Ensembl:ENSG00000048991|HGNC:R3HDM1;UBXN4|Ensembl:ENSG00000144224|HGNC:UBXN4;LCT|Ensembl:ENSG00000115850|HGNC:LCT;MCM6|Ensembl:ENSG00000076003|HGNC:MCM6
1524|chr2|196800000|197500000,C2orf66|Ensembl:ENSG00000187944|HGNC:C2orf66;PGAP1|Ensembl:ENSG00000197121|HGNC:PGAP1;ANKRD44|Ensembl:ENSG00000065413|HGNC:ANKRD44;SF3B1|Ensembl:ENSG00000115524|HGNC:SF3B1;COQ10B|Ensembl:ENSG00000115520|HGNC:COQ10B;HSPD1|Ensembl:ENSG00000144381|HGNC:HSPD1
1530|chr2|200900000|201250000,NIF3L1|Ensembl:ENSG00000196290|HGNC:NIF3L1;ORC2|Ensembl:ENSG00000115942|HGNC:ORC2;FAM126B|Ensembl:ENSG00000155744|HGNC:FAM126B;NDUFB3|Ensembl:ENSG00000119013|HGNC:NDUFB3;CFLAR|Ensembl:ENSG00000003402|HGNC:CFLAR;CASP10|Ensembl:ENSG00000003400|HGNC:CASP10;CASP8|Ensembl:ENSG00000064012|HGNC:CASP8
1532|chr2|201750000|202300000,ALS2|Ensembl:ENSG00000003393|HGNC:ALS2;CDK15|Ensembl:ENSG00000138395|HGNC:CDK15;FZD7|Ensembl:ENSG00000155760|HGNC:FZD7;KIAA2012|Ensembl:ENSG00000182329|HGNC:KIAA2012;SUMO1|Ensembl:ENSG00000116030|HGNC:SUMO1;NOP58|Ensembl:ENSG00000055044|HGNC:NOP58
1533|chr2|202300000|202550000,NOP58|Ensembl:ENSG00000055044|HGNC:NOP58;BMPR2|Ensembl:ENSG00000204217|HGNC:BMPR2
1544|chr2|212600000|213250000,IKZF2|Ensembl:ENSG00000030419|HGNC:IKZF2
1563|chr2|231500000|232500000,NMUR1|Ensembl:ENSG00000171596|HGNC:NMUR1;TEX44|Ensembl:ENSG00000177673|HGNC:TEX44;PTMA|Ensembl:ENSG00000187514|HGNC:PTMA;PDE6D|Ensembl:ENSG00000156973|HGNC:PDE6D;COPS7B|Ensembl:ENSG00000144524|HGNC:COPS7B;NPPC|Ensembl:ENSG00000163273|HGNC:NPPC;DIS3L2|Ensembl:ENSG00000144535|HGNC:DIS3L2;ALPP|Ensembl:ENSG00000163283|HGNC:ALPP;ALPG|Ensembl:ENSG00000163286|HGNC:ALPG;ALPI|Ensembl:ENSG00000163295|HGNC:ALPI;ECEL1|Ensembl:ENSG00000171551|HGNC:ECEL1
1564|chr2|233450000|233850000,DGKD|Ensembl:ENSG00000077044|HGNC:DGKD;USP40|Ensembl:ENSG00000085982|HGNC:USP40;UGT1A8|Ensembl:ENSG00000242366|HGNC:UGT1A8;UGT1A10|Ensembl:ENSG00000242515|HGNC:UGT1A10;UGT1A9|Ensembl:ENSG00000241119|HGNC:UGT1A9;UGT1A7|Ensembl:ENSG00000244122|HGNC:UGT1A7;UGT1A6|Ensembl:ENSG00000167165|HGNC:UGT1A6;UGT1A5|Ensembl:ENSG00000240224|HGNC:UGT1A5;UGT1A4|Ensembl:ENSG00000244474|HGNC:UGT1A4;UGT1A3|Ensembl:ENSG00000243135|HGNC:UGT1A3;UGT1A1|Ensembl:ENSG00000241635|HGNC:UGT1A1;MROH2A|Ensembl:ENSG00000185038|HGNC:MROH2A;HJURP|Ensembl:ENSG00000123485|HGNC:HJURP
1565|chr2|233850000|234550000,HJURP|Ensembl:ENSG00000123485|HGNC:HJURP;TRPM8|Ensembl:ENSG00000144481|HGNC:TRPM8;SPP2|Ensembl:ENSG00000072080|HGNC:SPP2;ARL4C|Ensembl:ENSG00000188042|HGNC:ARL4C
1582|chr20|4750000|5250000,RASSF2|Ensembl:ENSG00000101265|HGNC:RASSF2;SLC23A2|Ensembl:ENSG00000089057|HGNC:SLC23A2;TMEM230|Ensembl:ENSG00000089063|HGNC:TMEM230;PCNA|Ensembl:ENSG00000132646|HGNC:PCNA;CDS2|Ensembl:ENSG00000101290|HGNC:CDS2
1615|chr20|35500000|35950000,CEP250|Ensembl:ENSG00000126001|HGNC:CEP250;C20orf173|Ensembl:ENSG00000125975|HGNC:C20orf173;ERGIC3|Ensembl:ENSG00000125991|HGNC:ERGIC3;SPAG4|Ensembl:ENSG00000061656|HGNC:SPAG4;CPNE1|Ensembl:ENSG00000214078|HGNC:CPNE1;RBM12|Ensembl:ENSG00000244462|HGNC:RBM12;NFS1|Ensembl:ENSG00000244005|HGNC:NFS1;ROMO1|Ensembl:ENSG00000125995|HGNC:ROMO1;RBM39|Ensembl:ENSG00000131051|HGNC:RBM39;PHF20|Ensembl:ENSG00000025293|HGNC:PHF20
1624|chr20|43450000|44200000,SRSF6|Ensembl:ENSG00000124193|HGNC:SRSF6;L3MBTL1|Ensembl:ENSG00000185513|HGNC:L3MBTL1;SGK2|Ensembl:ENSG00000101049|HGNC:SGK2;IFT52|Ensembl:ENSG00000101052|HGNC:IFT52;MYBL2|Ensembl:ENSG00000101057|HGNC:MYBL2;GTSF1L|Ensembl:ENSG00000124196|HGNC:GTSF1L;TOX2|Ensembl:ENSG00000124191|HGNC:TOX2;JPH2|Ensembl:ENSG00000149596|HGNC:JPH2;OSER1|Ensembl:ENSG00000132823|HGNC:OSER1
1672|chr21|31650000|32250000,SOD1|Ensembl:ENSG00000142168|HGNC:SOD1;SCAF4|Ensembl:ENSG00000156304|HGNC:SCAF4;HUNK|Ensembl:ENSG00000142149|HGNC:HUNK
1679|chr21|36400000|37000000,CHAF1B|Ensembl:ENSG00000159259|HGNC:CHAF1B;CLDN14|Ensembl:ENSG00000159261|HGNC:CLDN14;SIM2|Ensembl:ENSG00000159263|HGNC:SIM2;HLCS|Ensembl:ENSG00000159267|HGNC:HLCS
1682|chr21|38450000|39500000,ERG|Ensembl:ENSG00000157554|HGNC:ERG;ETS2|Ensembl:ENSG00000157557|HGNC:ETS2;PSMG1|Ensembl:ENSG00000183527|HGNC:PSMG1;BRWD1|Ensembl:ENSG00000185658|HGNC:BRWD1;HMGN1|Ensembl:ENSG00000205581|HGNC:HMGN1;GET1|Ensembl:ENSG00000182093|HGNC:GET1;GET1-SH3BGR|Ensembl:ENSG00000285815|HGNC:GET1-SH3BGR;LCA5L|Ensembl:ENSG00000157578|HGNC:LCA5L;SH3BGR|Ensembl:ENSG00000185437|HGNC:SH3BGR
1722|chr22|38750000|39450000,SUN2|Ensembl:ENSG00000100242|HGNC:SUN2;DNAL4|Ensembl:ENSG00000100246|HGNC:DNAL4;NPTXR|Ensembl:ENSG00000221890|HGNC:NPTXR;CBX6|Ensembl:ENSG00000183741|HGNC:CBX6;APOBEC3A|Ensembl:ENSG00000128383|HGNC:APOBEC3A;APOBEC3B|Ensembl:ENSG00000179750|HGNC:APOBEC3B;APOBEC3C|Ensembl:ENSG00000244509|HGNC:APOBEC3C;APOBEC3D|Ensembl:ENSG00000243811|HGNC:APOBEC3D;APOBEC3F|Ensembl:ENSG00000128394|HGNC:APOBEC3F;APOBEC3G|Ensembl:ENSG00000239713|HGNC:APOBEC3G;APOBEC3H|Ensembl:ENSG00000100298|HGNC:APOBEC3H;CBX7|Ensembl:ENSG00000100307|HGNC:CBX7;PDGFB|Ensembl:ENSG00000100311|HGNC:PDGFB;RPL3|Ensembl:ENSG00000100316|HGNC:RPL3;SYNGR1|Ensembl:ENSG00000100321|HGNC:SYNGR1;TAB1|Ensembl:ENSG00000100324|HGNC:TAB1
1749|chr3|12600000|12950000,RAF1|Ensembl:ENSG00000132155|HGNC:RAF1;TMEM40|Ensembl:ENSG00000088726|HGNC:TMEM40;CAND2|Ensembl:ENSG00000144712|HGNC:CAND2;RPL32|Ensembl:ENSG00000144713|HGNC:RPL32;IQSEC1|Ensembl:ENSG00000144711|HGNC:IQSEC1
1787|chr3|42950000|44350000,GASK1A|Ensembl:ENSG00000144649|HGNC:GASK1A;POMGNT2|Ensembl:ENSG00000144647|HGNC:POMGNT2;SNRK|Ensembl:ENSG00000163788|HGNC:SNRK;ANO10|Ensembl:ENSG00000160746|HGNC:ANO10;ABHD5|Ensembl:ENSG00000011198|HGNC:ABHD5;TOPAZ1|Ensembl:ENSG00000173769|HGNC:TOPAZ1;TCAIM|Ensembl:ENSG00000179152|HGNC:TCAIM
1866|chr3|120600000|121550000,NDUFB4|Ensembl:ENSG00000065518|HGNC:NDUFB4;HGD|Ensembl:ENSG00000113924|HGNC:HGD;RABL3|Ensembl:ENSG00000144840|HGNC:RABL3;GTF2E1|Ensembl:ENSG00000153767|HGNC:GTF2E1;STXBP5L|Ensembl:ENSG00000145087|HGNC:STXBP5L;POLQ|Ensembl:ENSG00000051341|HGNC:POLQ
1873|chr3|127600000|128050000,MCM2|Ensembl:ENSG00000073111|HGNC:MCM2;PODXL2|Ensembl:ENSG00000114631|HGNC:PODXL2;ABTB1|Ensembl:ENSG00000114626|HGNC:ABTB1;MGLL|Ensembl:ENSG00000074416|HGNC:MGLL;KBTBD12|Ensembl:ENSG00000187715|HGNC:KBTBD12
1874|chr3|128100000|128600000,RUVBL1|Ensembl:ENSG00000175792|HGNC:RUVBL1;EEFSEC|Ensembl:ENSG00000132394|HGNC:EEFSEC;DNAJB8|Ensembl:ENSG00000179407|HGNC:DNAJB8;GATA2|Ensembl:ENSG00000179348|HGNC:GATA2
1941|chr3|185950000|186850000,ETV5|Ensembl:ENSG00000244405|HGNC:ETV5;DGKG|Ensembl:ENSG00000058866|HGNC:DGKG;CRYGS|Ensembl:ENSG00000213139|HGNC:CRYGS;TBCCD1|Ensembl:ENSG00000113838|HGNC:TBCCD1;DNAJB11|Ensembl:ENSG00000090520|HGNC:DNAJB11;AHSG|Ensembl:ENSG00000145192|HGNC:AHSG;FETUB|Ensembl:ENSG00000090512|HGNC:FETUB;HRG|Ensembl:ENSG00000113905|HGNC:HRG;KNG1|Ensembl:ENSG00000113889|HGNC:KNG1;EIF4A2|Ensembl:ENSG00000156976|HGNC:EIF4A2;RFC4|Ensembl:ENSG00000163918|HGNC:RFC4;ADIPOQ|Ensembl:ENSG00000181092|HGNC:ADIPOQ
1996|chr4|39200000|39450000,WDR19|Ensembl:ENSG00000157796|HGNC:WDR19;RFC1|Ensembl:ENSG00000035928|HGNC:RFC1;KLB|Ensembl:ENSG00000134962|HGNC:KLB
2001|chr4|42050000|42550000,SLC30A9|Ensembl:ENSG00000014824|HGNC:SLC30A9;BEND4|Ensembl:ENSG00000188848|HGNC:BEND4;SHISA3|Ensembl:ENSG00000178343|HGNC:SHISA3;ATP8A1|Ensembl:ENSG00000124406|HGNC:ATP8A1
2012|chr4|55350000|57000000,SRD5A3|Ensembl:ENSG00000128039|HGNC:SRD5A3;TMEM165|Ensembl:ENSG00000134851|HGNC:TMEM165;CLOCK|Ensembl:ENSG00000134852|HGNC:CLOCK;PDCL2|Ensembl:ENSG00000163440|HGNC:PDCL2;NMU|Ensembl:ENSG00000109255|HGNC:NMU;EXOC1L|Ensembl:ENSG00000250821|HGNC:EXOC1L;EXOC1|Ensembl:ENSG00000090989|HGNC:EXOC1;CEP135|Ensembl:ENSG00000174799|HGNC:CEP135;CRACD|Ensembl:ENSG00000109265|HGNC:CRACD;AASDH|Ensembl:ENSG00000157426|HGNC:AASDH;PPAT|Ensembl:ENSG00000128059|HGNC:PPAT;PAICS|Ensembl:ENSG00000128050|HGNC:PAICS;SRP72|Ensembl:ENSG00000174780|HGNC:SRP72;ARL9|Ensembl:ENSG00000196503|HGNC:ARL9;THEGL|Ensembl:ENSG00000249693|HGNC:THEGL;HOPX|Ensembl:ENSG00000171476|HGNC:HOPX;SPINK2|Ensembl:ENSG00000128040|HGNC:SPINK2;REST|Ensembl:ENSG00000084093|HGNC:REST;NOA1|Ensembl:ENSG00000084092|HGNC:NOA1;POLR2B|Ensembl:ENSG00000047315|HGNC:POLR2B
2051|chr4|99550000|100000000,TRMT10A|Ensembl:ENSG00000145331|HGNC:TRMT10A;MTTP|Ensembl:ENSG00000138823|HGNC:MTTP;C4orf54|Ensembl:ENSG00000248713|HGNC:C4orf54;DAPP1|Ensembl:ENSG00000070190|HGNC:DAPP1;LAMTOR3|Ensembl:ENSG00000109270|HGNC:LAMTOR3;DNAJB14|Ensembl:ENSG00000164031|HGNC:DNAJB14;H2AZ1|Ensembl:ENSG00000164032|HGNC:H2AZ1
2136|chr5|50000|900000,PLEKHG4B|Ensembl:ENSG00000153404|HGNC:PLEKHG4B;LRRC14B|Ensembl:ENSG00000185028|HGNC:LRRC14B;CCDC127|Ensembl:ENSG00000164366|HGNC:CCDC127;SDHA|Ensembl:ENSG00000073578|HGNC:SDHA;PDCD6|Ensembl:ENSG00000249915|HGNC:PDCD6;PDCD6-AHRR|Ensembl:ENSG00000288622|HGNC:PDCD6-AHRR;AHRR|Ensembl:ENSG00000063438|HGNC:AHRR;EXOC3|Ensembl:ENSG00000180104|HGNC:EXOC3;SLC9A3|Ensembl:ENSG00000066230|HGNC:SLC9A3;CEP72|Ensembl:ENSG00000112877|HGNC:CEP72;TPPP|Ensembl:ENSG00000171368|HGNC:TPPP;ZDHHC11B|Ensembl:ENSG00000206077|HGNC:ZDHHC11B;ZDHHC11|Ensembl:ENSG00000188818|HGNC:ZDHHC11;BRD9|Ensembl:ENSG00000028310|HGNC:BRD9;TRIP13|Ensembl:ENSG00000071539|HGNC:TRIP13
2165|chr5|36700000|37050000,NIPBL|Ensembl:ENSG00000164190|HGNC:NIPBL
2177|chr5|50850000|52950000,ISL1|Ensembl:ENSG00000016082|HGNC:ISL1;ITGA1|Ensembl:ENSG00000213949|HGNC:ITGA1;PELO|Ensembl:ENSG00000152684|HGNC:PELO
2278|chr5|149650000|150450000,PPARGC1B|Ensembl:ENSG00000155846|HGNC:PPARGC1B;PDE6A|Ensembl:ENSG00000132915|HGNC:PDE6A;SLC26A2|Ensembl:ENSG00000155850|HGNC:SLC26A2;TIGD6|Ensembl:ENSG00000164296|HGNC:TIGD6;HMGXB3|Ensembl:ENSG00000113716|HGNC:HMGXB3;CSF1R|Ensembl:ENSG00000182578|HGNC:CSF1R;PDGFRB|Ensembl:ENSG00000113721|HGNC:PDGFRB;CDX1|Ensembl:ENSG00000113722|HGNC:CDX1;SLC6A7|Ensembl:ENSG00000011083|HGNC:SLC6A7;CAMK2A|Ensembl:ENSG00000070808|HGNC:CAMK2A;ARSI|Ensembl:ENSG00000183876|HGNC:ARSI;TCOF1|Ensembl:ENSG00000070814|HGNC:TCOF1;CD74|Ensembl:ENSG00000019582|HGNC:CD74;RPS14|Ensembl:ENSG00000164587|HGNC:RPS14
2298|chr5|171400000|172400000,NPM1|Ensembl:ENSG00000181163|HGNC:NPM1;FGF18|Ensembl:ENSG00000156427|HGNC:FGF18;SMIM23|Ensembl:ENSG00000185662|HGNC:SMIM23;FBXW11|Ensembl:ENSG00000072803|HGNC:FBXW11;STK10|Ensembl:ENSG00000072786|HGNC:STK10;EFCAB9|Ensembl:ENSG00000214360|HGNC:EFCAB9;UBTD2|Ensembl:ENSG00000168246|HGNC:UBTD2;SH3PXD2B|Ensembl:ENSG00000174705|HGNC:SH3PXD2B
2299|chr5|172450000|173000000,SH3PXD2B|Ensembl:ENSG00000174705|HGNC:SH3PXD2B;NEURL1B|Ensembl:ENSG00000214357|HGNC:NEURL1B;DUSP1|Ensembl:ENSG00000120129|HGNC:DUSP1;ERGIC1|Ensembl:ENSG00000113719|HGNC:ERGIC1;RPL26L1|Ensembl:ENSG00000037241|HGNC:RPL26L1;ATP6V0E1|Ensembl:ENSG00000113732|HGNC:ATP6V0E1
2327|chr6|13800000|15600000,MCUR1|Ensembl:ENSG00000050393|HGNC:MCUR1;RNF182|Ensembl:ENSG00000180537|HGNC:RNF182;CD83|Ensembl:ENSG00000112149|HGNC:CD83;JARID2|Ensembl:ENSG00000008083|HGNC:JARID2;DTNBP1|Ensembl:ENSG00000047579|HGNC:DTNBP1
2337|chr6|25150000|25950000,CARMIL1|Ensembl:ENSG00000079691|HGNC:CARMIL1;SCGN|Ensembl:ENSG00000079689|HGNC:SCGN;H2AC1|Ensembl:ENSG00000164508|HGNC:H2AC1;H2BC1|Ensembl:ENSG00000146047|HGNC:H2BC1;SLC17A4|Ensembl:ENSG00000146039|HGNC:SLC17A4;SLC17A1|Ensembl:ENSG00000124568|HGNC:SLC17A1;SLC17A3|Ensembl:ENSG00000124564|HGNC:SLC17A3;SLC17A2|Ensembl:ENSG00000112337|HGNC:SLC17A2
2348|chr6|35300000|35500000,DEF6|Ensembl:ENSG00000023892|HGNC:DEF6;PPARD|Ensembl:ENSG00000112033|HGNC:PPARD;FANCE|Ensembl:ENSG00000112039|HGNC:FANCE;RPL10A|Ensembl:ENSG00000198755|HGNC:RPL10A;TEAD3|Ensembl:ENSG00000007866|HGNC:TEAD3;TULP1|Ensembl:ENSG00000112041|HGNC:TULP1
2350|chr6|35800000|36400000,LHFPL5|Ensembl:ENSG00000197753|HGNC:LHFPL5;SRPK1|Ensembl:ENSG00000096063|HGNC:SRPK1;SLC26A8|Ensembl:ENSG00000112053|HGNC:SLC26A8;MAPK14|Ensembl:ENSG00000112062|HGNC:MAPK14;MAPK13|Ensembl:ENSG00000156711|HGNC:MAPK13;BRPF3|Ensembl:ENSG00000096070|HGNC:BRPF3;PNPLA1|Ensembl:ENSG00000180316|HGNC:PNPLA1;BNIP5|Ensembl:ENSG00000189325|HGNC:BNIP5;ETV7|Ensembl:ENSG00000010030|HGNC:ETV7;PXT1|Ensembl:ENSG00000179165|HGNC:PXT1
2351|chr6|36400000|36600000,PXT1|Ensembl:ENSG00000179165|HGNC:PXT1;KCTD20|Ensembl:ENSG00000112078|HGNC:KCTD20;STK38|Ensembl:ENSG00000112079|HGNC:STK38;SRSF3|Ensembl:ENSG00000112081|HGNC:SRSF3
2352|chr6|36600000|36750000,SRSF3|Ensembl:ENSG00000112081|HGNC:SRSF3;CDKN1A|Ensembl:ENSG00000124762|HGNC:CDKN1A;RAB44|Ensembl:ENSG00000255587|HGNC:RAB44;CPNE5|Ensembl:ENSG00000124772|HGNC:CPNE5
2359|chr6|39900000|41300000,DAAM2|Ensembl:ENSG00000146122|HGNC:DAAM2;MOCS1|Ensembl:ENSG00000124615|HGNC:MOCS1;LRFN2|Ensembl:ENSG00000156564|HGNC:LRFN2;UNC5CL|Ensembl:ENSG00000124602|HGNC:UNC5CL;OARD1|Ensembl:ENSG00000124596|HGNC:OARD1;TSPO2|Ensembl:ENSG00000112212|HGNC:TSPO2;APOBEC2|Ensembl:ENSG00000124701|HGNC:APOBEC2;NFYA|Ensembl:ENSG00000001167|HGNC:NFYA;TREML1|Ensembl:ENSG00000161911|HGNC:TREML1;TREM2|Ensembl:ENSG00000095970|HGNC:TREM2;TREML2|Ensembl:ENSG00000112195|HGNC:TREML2;TREML4|Ensembl:ENSG00000188056|HGNC:TREML4;TREM1|Ensembl:ENSG00000124731|HGNC:TREM1
2361|chr6|41750000|42550000,PGC|Ensembl:ENSG00000096088|HGNC:PGC;FRS3|Ensembl:ENSG00000137218|HGNC:FRS3;PRICKLE4|Ensembl:ENSG00000278224|HGNC:PRICKLE4;TOMM6|Ensembl:ENSG00000214736|HGNC:TOMM6;USP49|Ensembl:ENSG00000164663|HGNC:USP49;MED20|Ensembl:ENSG00000124641|HGNC:MED20;BYSL|Ensembl:ENSG00000112578|HGNC:BYSL;CCND3|Ensembl:ENSG00000112576|HGNC:CCND3;TAF8|Ensembl:ENSG00000137413|HGNC:TAF8;C6orf132|Ensembl:ENSG00000188112|HGNC:C6orf132;GUCA1A|Ensembl:ENSG00000048545|HGNC:GUCA1A;GUCA1B|Ensembl:ENSG00000112599|HGNC:GUCA1B;MRPS10|Ensembl:ENSG00000048544|HGNC:MRPS10;TRERF1|Ensembl:ENSG00000124496|HGNC:TRERF1
2365|chr6|43600000|44400000,POLH|Ensembl:ENSG00000170734|HGNC:POLH;GTPBP2|Ensembl:ENSG00000172432|HGNC:GTPBP2;MAD2L1BP|Ensembl:ENSG00000124688|HGNC:MAD2L1BP;RSPH9|Ensembl:ENSG00000172426|HGNC:RSPH9;MRPS18A|Ensembl:ENSG00000096080|HGNC:MRPS18A;VEGFA|Ensembl:ENSG00000112715|HGNC:VEGFA;MRPL14|Ensembl:ENSG00000180992|HGNC:MRPL14;TMEM63B|Ensembl:ENSG00000137216|HGNC:TMEM63B;CAPN11|Ensembl:ENSG00000137225|HGNC:CAPN11;MYMX|Ensembl:ENSG00000262179|HGNC:MYMX;SLC29A1|Ensembl:ENSG00000112759|HGNC:SLC29A1;HSP90AB1|Ensembl:ENSG00000096384|HGNC:HSP90AB1;SLC35B2|Ensembl:ENSG00000157593|HGNC:SLC35B2;NFKBIE|Ensembl:ENSG00000146232|HGNC:NFKBIE;TMEM151B|Ensembl:ENSG00000178233|HGNC:TMEM151B;TCTE1|Ensembl:ENSG00000146221|HGNC:TCTE1;AARS2|Ensembl:ENSG00000124608|HGNC:AARS2;SPATS1|Ensembl:ENSG00000249481|HGNC:SPATS1;CDC5L|Ensembl:ENSG00000096401|HGNC:CDC5L
2375|chr6|52100000|52300000,IL17A|Ensembl:ENSG00000112115|HGNC:IL17A;IL17F|Ensembl:ENSG00000112116|HGNC:IL17F;MCM3|Ensembl:ENSG00000112118|HGNC:MCM3
2393|chr6|73450000|73700000,CGAS|Ensembl:ENSG00000164430|HGNC:CGAS;MTO1|Ensembl:ENSG00000135297|HGNC:MTO1;EEF1A1|Ensembl:ENSG00000156508|HGNC:EEF1A1;SLC17A5|Ensembl:ENSG00000119899|HGNC:SLC17A5;CD109|Ensembl:ENSG00000156535|HGNC:CD109
2419|chr6|104850000|106400000,HACE1|Ensembl:ENSG00000085382|HGNC:HACE1;LIN28B|Ensembl:ENSG00000187772|HGNC:LIN28B;BVES|Ensembl:ENSG00000112276|HGNC:BVES;POPDC3|Ensembl:ENSG00000132429|HGNC:POPDC3;PREP|Ensembl:ENSG00000085377|HGNC:PREP;PRDM1|Ensembl:ENSG00000057657|HGNC:PRDM1;ATG5|Ensembl:ENSG00000057663|HGNC:ATG5;CRYBG1|Ensembl:ENSG00000112297|HGNC:CRYBG1
2436|chr6|121400000|122400000,GJA1|Ensembl:ENSG00000152661|HGNC:GJA1;HSF2|Ensembl:ENSG00000025156|HGNC:HSF2
2451|chr6|132550000|132850000,TAAR8|Ensembl:ENSG00000146385|HGNC:TAAR8;TAAR6|Ensembl:ENSG00000146383|HGNC:TAAR6;TAAR5|Ensembl:ENSG00000135569|HGNC:TAAR5;TAAR2|Ensembl:ENSG00000146378|HGNC:TAAR2;TAAR1|Ensembl:ENSG00000146399|HGNC:TAAR1;VNN1|Ensembl:ENSG00000112299|HGNC:VNN1;VNN3|Ensembl:ENSG00000093134|HGNC:VNN3;VNN2|Ensembl:ENSG00000112303|HGNC:VNN2;SLC18B1|Ensembl:ENSG00000146409|HGNC:SLC18B1;RPS12|Ensembl:ENSG00000112306|HGNC:RPS12
2453|chr6|133950000|134150000,TBPL1|Ensembl:ENSG00000028839|HGNC:TBPL1;SLC2A12|Ensembl:ENSG00000146411|HGNC:SLC2A12
2456|chr6|135450000|136600000,AHI1|Ensembl:ENSG00000135541|HGNC:AHI1;PDE7B|Ensembl:ENSG00000171408|HGNC:PDE7B;MTFR2|Ensembl:ENSG00000146410|HGNC:MTFR2;BCLAF1|Ensembl:ENSG00000029363|HGNC:BCLAF1;MAP7|Ensembl:ENSG00000135525|HGNC:MAP7;MAP3K5|Ensembl:ENSG00000197442|HGNC:MAP3K5
2505|chr7|5250000|5800000,SLC29A4|Ensembl:ENSG00000164638|HGNC:SLC29A4;TNRC18|Ensembl:ENSG00000182095|HGNC:TNRC18;FBXL18|Ensembl:ENSG00000155034|HGNC:FBXL18;ACTB|Ensembl:ENSG00000075624|HGNC:ACTB;FSCN1|Ensembl:ENSG00000075618|HGNC:FSCN1;RNF216|Ensembl:ENSG00000011275|HGNC:RNF216
2513|chr7|13300000|14750000,ETV1|Ensembl:ENSG00000006468|HGNC:ETV1;DGKB|Ensembl:ENSG00000136267|HGNC:DGKB
2527|chr7|25900000|26650000,NFE2L3|Ensembl:ENSG00000050344|HGNC:NFE2L3;HNRNPA2B1|Ensembl:ENSG00000122566|HGNC:HNRNPA2B1;CBX3|Ensembl:ENSG00000122565|HGNC:CBX3;SNX10|Ensembl:ENSG00000086300|HGNC:SNX10
2541|chr7|36000000|36400000,EEPD1|Ensembl:ENSG00000122547|HGNC:EEPD1;KIAA0895|Ensembl:ENSG00000164542|HGNC:KIAA0895;ANLN|Ensembl:ENSG00000011426|HGNC:ANLN
2542|chr7|36400000|37200000,ANLN|Ensembl:ENSG00000011426|HGNC:ANLN;AOAH|Ensembl:ENSG00000136250|HGNC:AOAH;ELMO1|Ensembl:ENSG00000155849|HGNC:ELMO1
2568|chr7|73250000|74800000,NSUN5|Ensembl:ENSG00000130305|HGNC:NSUN5;TRIM50|Ensembl:ENSG00000146755|HGNC:TRIM50;FKBP6|Ensembl:ENSG00000077800|HGNC:FKBP6;FZD9|Ensembl:ENSG00000188763|HGNC:FZD9;BAZ1B|Ensembl:ENSG00000009954|HGNC:BAZ1B;BCL7B|Ensembl:ENSG00000106635|HGNC:BCL7B;TBL2|Ensembl:ENSG00000106638|HGNC:TBL2;MLXIPL|Ensembl:ENSG00000009950|HGNC:MLXIPL;VPS37D|Ensembl:ENSG00000176428|HGNC:VPS37D;DNAJC30|Ensembl:ENSG00000176410|HGNC:DNAJC30;BUD23|Ensembl:ENSG00000071462|HGNC:BUD23;STX1A|Ensembl:ENSG00000106089|HGNC:STX1A;ABHD11|Ensembl:ENSG00000106077|HGNC:ABHD11;CLDN3|Ensembl:ENSG00000165215|HGNC:CLDN3;CLDN4|Ensembl:ENSG00000189143|HGNC:CLDN4;METTL27|Ensembl:ENSG00000165171|HGNC:METTL27;TMEM270|Ensembl:ENSG00000175877|HGNC:TMEM270;ELN|Ensembl:ENSG00000049540|HGNC:ELN;LIMK1|Ensembl:ENSG00000106683|HGNC:LIMK1;EIF4H|Ensembl:ENSG00000106682|HGNC:EIF4H;LAT2|Ensembl:ENSG00000086730|HGNC:LAT2;RFC2|Ensembl:ENSG00000049541|HGNC:RFC2;CLIP2|Ensembl:ENSG00000106665|HGNC:CLIP2;GTF2IRD1|Ensembl:ENSG00000006704|HGNC:GTF2IRD1;GTF2I|Ensembl:ENSG00000263001|HGNC:GTF2I;NCF1|Ensembl:ENSG00000158517|HGNC:NCF1;GTF2IRD2|Ensembl:ENSG00000196275|HGNC:GTF2IRD2
2593|chr7|95900000|97050000,DYNC1I1|Ensembl:ENSG00000158560|HGNC:DYNC1I1;SLC25A13|Ensembl:ENSG00000004864|HGNC:SLC25A13;SEM1|Ensembl:ENSG00000127922|HGNC:SEM1;DLX6|Ensembl:ENSG00000006377|HGNC:DLX6;DLX5|Ensembl:ENSG00000105880|HGNC:DLX5
2597|chr7|99450000|100150000,PTCD1|Ensembl:ENSG00000106246|HGNC:PTCD1;ATP5MF-PTCD1|Ensembl:ENSG00000248919|HGNC:ATP5MF-PTCD1;CPSF4|Ensembl:ENSG00000160917|HGNC:CPSF4;ATP5MF|Ensembl:ENSG00000241468|HGNC:ATP5MF;ZNF789|Ensembl:ENSG00000198556|HGNC:ZNF789;ZNF394|Ensembl:ENSG00000160908|HGNC:ZNF394;ZKSCAN5|Ensembl:ENSG00000196652|HGNC:ZKSCAN5;FAM200A|Ensembl:ENSG00000221909|HGNC:FAM200A;ZNF655|Ensembl:ENSG00000197343|HGNC:ZNF655;TMEM225B|Ensembl:ENSG00000244219|HGNC:TMEM225B;ZSCAN25|Ensembl:ENSG00000197037|HGNC:ZSCAN25;CYP3A5|Ensembl:ENSG00000106258|HGNC:CYP3A5;CYP3A7-CYP3A51P|Ensembl:ENSG00000282301|HGNC:CYP3A7-CYP3A51P;CYP3A7|Ensembl:ENSG00000160870|HGNC:CYP3A7;CYP3A4|Ensembl:ENSG00000160868|HGNC:CYP3A4;CYP3A43|Ensembl:ENSG00000021461|HGNC:CYP3A43;OR2AE1|Ensembl:ENSG00000244623|HGNC:OR2AE1;TRIM4|Ensembl:ENSG00000146833|HGNC:TRIM4;GJC3|Ensembl:ENSG00000176402|HGNC:GJC3;AZGP1|Ensembl:ENSG00000160862|HGNC:AZGP1;ZKSCAN1|Ensembl:ENSG00000106261|HGNC:ZKSCAN1;ZSCAN21|Ensembl:ENSG00000166529|HGNC:ZSCAN21;ZNF3|Ensembl:ENSG00000166526|HGNC:ZNF3;COPS6|Ensembl:ENSG00000168090|HGNC:COPS6;MCM7|Ensembl:ENSG00000166508|HGNC:MCM7;AP4M1|Ensembl:ENSG00000221838|HGNC:AP4M1;TAF6|Ensembl:ENSG00000106290|HGNC:TAF6;CNPY4|Ensembl:ENSG00000166997|HGNC:CNPY4;MBLAC1|Ensembl:ENSG00000214309|HGNC:MBLAC1;LAMTOR4|Ensembl:ENSG00000188186|HGNC:LAMTOR4
2637|chr7|139450000|140500000,KLRG2|Ensembl:ENSG00000188883|HGNC:KLRG2;CLEC2L|Ensembl:ENSG00000236279|HGNC:CLEC2L;HIPK2|Ensembl:ENSG00000064393|HGNC:HIPK2;TBXAS1|Ensembl:ENSG00000059377|HGNC:TBXAS1;PARP12|Ensembl:ENSG00000059378|HGNC:PARP12;KDM7A|Ensembl:ENSG00000006459|HGNC:KDM7A;SLC37A3|Ensembl:ENSG00000157800|HGNC:SLC37A3;RAB19|Ensembl:ENSG00000146955|HGNC:RAB19;MKRN1|Ensembl:ENSG00000133606|HGNC:MKRN1
2646|chr7|149850000|151150000,ZNF862|Ensembl:ENSG00000106479|HGNC:ZNF862;ATP6V0E2|Ensembl:ENSG00000171130|HGNC:ATP6V0E2;ACTR3C|Ensembl:ENSG00000106526|HGNC:ACTR3C;ZBED6CL|Ensembl:ENSG00000188707|HGNC:ZBED6CL;LRRC61|Ensembl:ENSG00000127399|HGNC:LRRC61;RARRES2|Ensembl:ENSG00000106538|HGNC:RARRES2;REPIN1|Ensembl:ENSG00000214022|HGNC:REPIN1;ZNF775|Ensembl:ENSG00000196456|HGNC:ZNF775;GIMAP8|Ensembl:ENSG00000171115|HGNC:GIMAP8;GIMAP7|Ensembl:ENSG00000179144|HGNC:GIMAP7;GIMAP4|Ensembl:ENSG00000133574|HGNC:GIMAP4;GIMAP6|Ensembl:ENSG00000133561|HGNC:GIMAP6;GIMAP2|Ensembl:ENSG00000106560|HGNC:GIMAP2;GIMAP1|Ensembl:ENSG00000213203|HGNC:GIMAP1;GIMAP1-GIMAP5|Ensembl:ENSG00000281887|HGNC:GIMAP1-GIMAP5;GIMAP5|Ensembl:ENSG00000196329|HGNC:GIMAP5;TMEM176B|Ensembl:ENSG00000106565|HGNC:TMEM176B;TMEM176A|Ensembl:ENSG00000002933|HGNC:TMEM176A;AOC1|Ensembl:ENSG00000002726|HGNC:AOC1;KCNH2|Ensembl:ENSG00000055118|HGNC:KCNH2;NOS3|Ensembl:ENSG00000164867|HGNC:NOS3;ATG9B|Ensembl:ENSG00000181652|HGNC:ATG9B;ABCB8|Ensembl:ENSG00000197150|HGNC:ABCB8;ASIC3|Ensembl:ENSG00000213199|HGNC:ASIC3;CDK5|Ensembl:ENSG00000164885|HGNC:CDK5;SLC4A2|Ensembl:ENSG00000164889|HGNC:SLC4A2;FASTK|Ensembl:ENSG00000164896|HGNC:FASTK;TMUB1|Ensembl:ENSG00000164897|HGNC:TMUB1;AGAP3|Ensembl:ENSG00000133612|HGNC:AGAP3;GBX1|Ensembl:ENSG00000164900|HGNC:GBX1
2648|chr7|152200000|152900000,KMT2C|Ensembl:ENSG00000055609|HGNC:KMT2C;XRCC2|Ensembl:ENSG00000196584|HGNC:XRCC2;ACTR3B|Ensembl:ENSG00000133627|HGNC:ACTR3B
2712|chr8|55750000|56200000,TMEM68|Ensembl:ENSG00000167904|HGNC:TMEM68;TGS1|Ensembl:ENSG00000137574|HGNC:TGS1;LYN|Ensembl:ENSG00000254087|HGNC:LYN;RPS20|Ensembl:ENSG00000008988|HGNC:RPS20;MOS|Ensembl:ENSG00000172680|HGNC:MOS;PLAG1|Ensembl:ENSG00000181690|HGNC:PLAG1
2730|chr8|73250000|73700000,C8orf89|Ensembl:ENSG00000274443|HGNC:C8orf89;RPL7|Ensembl:ENSG00000147604|HGNC:RPL7;RDH10|Ensembl:ENSG00000121039|HGNC:RDH10;STAU2|Ensembl:ENSG00000040341|HGNC:STAU2
2757|chr8|100600000|101300000,SNX31|Ensembl:ENSG00000174226|HGNC:SNX31;PABPC1|Ensembl:ENSG00000070756|HGNC:PABPC1;YWHAZ|Ensembl:ENSG00000164924|HGNC:YWHAZ;ZNF706|Ensembl:ENSG00000120963|HGNC:ZNF706
2758|chr8|101300000|102250000,GRHL2|Ensembl:ENSG00000083307|HGNC:GRHL2;NCALD|Ensembl:ENSG00000104490|HGNC:NCALD;RRM2B|Ensembl:ENSG00000048392|HGNC:RRM2B
2774|chr8|115050000|117250000,TRPS1|Ensembl:ENSG00000104447|HGNC:TRPS1;EIF3H|Ensembl:ENSG00000147677|HGNC:EIF3H;UTP23|Ensembl:ENSG00000147679|HGNC:UTP23;RAD21|Ensembl:ENSG00000164754|HGNC:RAD21;AARD|Ensembl:ENSG00000205002|HGNC:AARD;SLC30A8|Ensembl:ENSG00000164756|HGNC:SLC30A8
2817|chr9|19100000|19550000,HAUS6|Ensembl:ENSG00000147874|HGNC:HAUS6;PLIN2|Ensembl:ENSG00000147872|HGNC:PLIN2;DENND4C|Ensembl:ENSG00000137145|HGNC:DENND4C;RPS6|Ensembl:ENSG00000137154|HGNC:RPS6;ACER2|Ensembl:ENSG00000177076|HGNC:ACER2;SLC24A2|Ensembl:ENSG00000155886|HGNC:SLC24A2
2849|chr9|83950000|84300000,C9orf64|Ensembl:ENSG00000165118|HGNC:C9orf64;HNRNPK|Ensembl:ENSG00000165119|HGNC:HNRNPK;RMI1|Ensembl:ENSG00000178966|HGNC:RMI1;SLC28A3|Ensembl:ENSG00000197506|HGNC:SLC28A3
2897|chr9|124550000|125250000,NR6A1|Ensembl:ENSG00000148200|HGNC:NR6A1;OLFML2A|Ensembl:ENSG00000185585|HGNC:OLFML2A;WDR38|Ensembl:ENSG00000136918|HGNC:WDR38;RPL35|Ensembl:ENSG00000136942|HGNC:RPL35;ARPC5L|Ensembl:ENSG00000136950|HGNC:ARPC5L;GOLGA1|Ensembl:ENSG00000136935|HGNC:GOLGA1;SCAI|Ensembl:ENSG00000173611|HGNC:SCAI;PPP6C|Ensembl:ENSG00000119414|HGNC:PPP6C;RABEPK|Ensembl:ENSG00000136933|HGNC:RABEPK;HSPA5|Ensembl:ENSG00000044574|HGNC:HSPA5
2899|chr9|126850000|127450000,ZBTB34|Ensembl:ENSG00000177125|HGNC:ZBTB34;RALGPS1|Ensembl:ENSG00000136828|HGNC:RALGPS1;ANGPTL2|Ensembl:ENSG00000136859|HGNC:ANGPTL2;GARNL3|Ensembl:ENSG00000136895|HGNC:GARNL3;SLC2A8|Ensembl:ENSG00000136856|HGNC:SLC2A8;ZNF79|Ensembl:ENSG00000196152|HGNC:ZNF79;RPL12|Ensembl:ENSG00000197958|HGNC:RPL12
2900|chr9|127450000|128100000,RPL12|Ensembl:ENSG00000197958|HGNC:RPL12;LRSAM1|Ensembl:ENSG00000148356|HGNC:LRSAM1;NIBAN2|Ensembl:ENSG00000136830|HGNC:NIBAN2;STXBP1|Ensembl:ENSG00000136854|HGNC:STXBP1;PTRH1|Ensembl:ENSG00000187024|HGNC:PTRH1;CFAP157|Ensembl:ENSG00000160401|HGNC:CFAP157;TTC16|Ensembl:ENSG00000167094|HGNC:TTC16;TOR2A|Ensembl:ENSG00000160404|HGNC:TOR2A;SH2D3C|Ensembl:ENSG00000095370|HGNC:SH2D3C;CDK9|Ensembl:ENSG00000136807|HGNC:CDK9;FPGS|Ensembl:ENSG00000136877|HGNC:FPGS;ENG|Ensembl:ENSG00000106991|HGNC:ENG;AK1|Ensembl:ENSG00000106992|HGNC:AK1;ST6GALNAC6|Ensembl:ENSG00000160408|HGNC:ST6GALNAC6;ST6GALNAC4|Ensembl:ENSG00000136840|HGNC:ST6GALNAC4;PIP5KL1|Ensembl:ENSG00000167103|HGNC:PIP5KL1;DPM2|Ensembl:ENSG00000136908|HGNC:DPM2;FAM102A|Ensembl:ENSG00000167106|HGNC:FAM102A;NAIF1|Ensembl:ENSG00000171169|HGNC:NAIF1;SLC25A25|Ensembl:ENSG00000148339|HGNC:SLC25A25
2911|chr9|136800000|137300000,CCDC183|Ensembl:ENSG00000213213|HGNC:CCDC183;RABL6|Ensembl:ENSG00000196642|HGNC:RABL6;AJM1|Ensembl:ENSG00000232434|HGNC:AJM1;PHPT1|Ensembl:ENSG00000054148|HGNC:PHPT1;MAMDC4|Ensembl:ENSG00000177943|HGNC:MAMDC4;EDF1|Ensembl:ENSG00000107223|HGNC:EDF1;TRAF2|Ensembl:ENSG00000127191|HGNC:TRAF2;FBXW5|Ensembl:ENSG00000159069|HGNC:FBXW5;C8G|Ensembl:ENSG00000176919|HGNC:C8G;LCN12|Ensembl:ENSG00000184925|HGNC:LCN12;PTGDS|Ensembl:ENSG00000107317|HGNC:PTGDS;LCNL1|Ensembl:ENSG00000214402|HGNC:LCNL1;PAXX|Ensembl:ENSG00000148362|HGNC:PAXX;CLIC3|Ensembl:ENSG00000169583|HGNC:CLIC3;ABCA2|Ensembl:ENSG00000107331|HGNC:ABCA2;FUT7|Ensembl:ENSG00000180549|HGNC:FUT7;NPDC1|Ensembl:ENSG00000107281|HGNC:NPDC1;ENTPD2|Ensembl:ENSG00000054179|HGNC:ENTPD2;SAPCD2|Ensembl:ENSG00000186193|HGNC:SAPCD2;UAP1L1|Ensembl:ENSG00000197355|HGNC:UAP1L1;MAN1B1|Ensembl:ENSG00000177239|HGNC:MAN1B1;DPP7|Ensembl:ENSG00000176978|HGNC:DPP7;GRIN1|Ensembl:ENSG00000176884|HGNC:GRIN1;LRRC26|Ensembl:ENSG00000184709|HGNC:LRRC26;TMEM210|Ensembl:ENSG00000185863|HGNC:TMEM210;ANAPC2|Ensembl:ENSG00000176248|HGNC:ANAPC2;SSNA1|Ensembl:ENSG00000176101|HGNC:SSNA1;TPRN|Ensembl:ENSG00000176058|HGNC:TPRN;TMEM203|Ensembl:ENSG00000187713|HGNC:TMEM203;NDOR1|Ensembl:ENSG00000188566|HGNC:NDOR1;RNF208|Ensembl:ENSG00000212864|HGNC:RNF208;CYSRT1|Ensembl:ENSG00000197191|HGNC:CYSRT1;RNF224|Ensembl:ENSG00000233198|HGNC:RNF224;SLC34A3|Ensembl:ENSG00000198569|HGNC:SLC34A3;TUBB4B|Ensembl:ENSG00000188229|HGNC:TUBB4B;FAM166A|Ensembl:ENSG00000188163|HGNC:FAM166A;STPG3|Ensembl:ENSG00000197768|HGNC:STPG3;NELFB|Ensembl:ENSG00000188986|HGNC:NELFB;TOR4A|Ensembl:ENSG00000198113|HGNC:TOR4A;NRARP|Ensembl:ENSG00000198435|HGNC:NRARP
2932|chrX|20500000|21850000,CNKSR2|Ensembl:ENSG00000149970|HGNC:CNKSR2;KLHL34|Ensembl:ENSG00000185915|HGNC:KLHL34;SMPX|Ensembl:ENSG00000091482|HGNC:SMPX;MBTPS2|Ensembl:ENSG00000012174|HGNC:MBTPS2
2934|chrX|23700000|24300000,ACOT9|Ensembl:ENSG00000123130|HGNC:ACOT9;SAT1|Ensembl:ENSG00000130066|HGNC:SAT1;APOO|Ensembl:ENSG00000184831|HGNC:APOO;CXorf58|Ensembl:ENSG00000165182|HGNC:CXorf58;KLHL15|Ensembl:ENSG00000174010|HGNC:KLHL15;EIF2S3|Ensembl:ENSG00000130741|HGNC:EIF2S3;ZFX|Ensembl:ENSG00000005889|HGNC:ZFX
2948|chrX|43800000|45250000,MAOB|Ensembl:ENSG00000069535|HGNC:MAOB;NDP|Ensembl:ENSG00000124479|HGNC:NDP;EFHC2|Ensembl:ENSG00000183690|HGNC:EFHC2;FUNDC1|Ensembl:ENSG00000069509|HGNC:FUNDC1;DUSP21|Ensembl:ENSG00000189037|HGNC:DUSP21;KDM6A|Ensembl:ENSG00000147050|HGNC:KDM6A;DIPK2B|Ensembl:ENSG00000147113|HGNC:DIPK2B
2952|chrX|48050000|49300000,ZNF630|Ensembl:ENSG00000221994|HGNC:ZNF630;SPACA5B|Ensembl:ENSG00000171478|HGNC:SPACA5B;SSX5|Ensembl:ENSG00000165583|HGNC:SSX5;SSX1|Ensembl:ENSG00000126752|HGNC:SSX1;SSX3|Ensembl:ENSG00000165584|HGNC:SSX3;SSX4|Ensembl:ENSG00000268009|HGNC:SSX4;SSX4B|Ensembl:ENSG00000269791|HGNC:SSX4B;SLC38A5|Ensembl:ENSG00000017483|HGNC:SLC38A5;FTSJ1|Ensembl:ENSG00000068438|HGNC:FTSJ1;PORCN|Ensembl:ENSG00000102312|HGNC:PORCN;EBP|Ensembl:ENSG00000147155|HGNC:EBP;TBC1D25|Ensembl:ENSG00000068354|HGNC:TBC1D25;RBM3|Ensembl:ENSG00000102317|HGNC:RBM3;WDR13|Ensembl:ENSG00000101940|HGNC:WDR13;WAS|Ensembl:ENSG00000015285|HGNC:WAS;SUV39H1|Ensembl:ENSG00000101945|HGNC:SUV39H1;GLOD5|Ensembl:ENSG00000171433|HGNC:GLOD5;GATA1|Ensembl:ENSG00000102145|HGNC:GATA1;HDAC6|Ensembl:ENSG00000094631|HGNC:HDAC6;ERAS|Ensembl:ENSG00000187682|HGNC:ERAS;PCSK1N|Ensembl:ENSG00000102109|HGNC:PCSK1N;PQBP1|Ensembl:ENSG00000102103|HGNC:PQBP1;TIMM17B|Ensembl:ENSG00000126768|HGNC:TIMM17B;SLC35A2|Ensembl:ENSG00000102100|HGNC:SLC35A2;PIM2|Ensembl:ENSG00000102096|HGNC:PIM2;OTUD5|Ensembl:ENSG00000068308|HGNC:OTUD5;KCND1|Ensembl:ENSG00000102057|HGNC:KCND1;GRIPAP1|Ensembl:ENSG00000068400|HGNC:GRIPAP1;TFE3|Ensembl:ENSG00000068323|HGNC:TFE3;CCDC120|Ensembl:ENSG00000147144|HGNC:CCDC120;PRAF2|Ensembl:ENSG00000243279|HGNC:PRAF2;WDR45|Ensembl:ENSG00000196998|HGNC:WDR45;GPKOW|Ensembl:ENSG00000068394|HGNC:GPKOW;MAGIX|Ensembl:ENSG00000269313|HGNC:MAGIX;PLP2|Ensembl:ENSG00000102007|HGNC:PLP2;PRICKLE3|Ensembl:ENSG00000012211|HGNC:PRICKLE3;SYP|Ensembl:ENSG00000102003|HGNC:SYP;CACNA1F|Ensembl:ENSG00000102001|HGNC:CACNA1F;CCDC22|Ensembl:ENSG00000101997|HGNC:CCDC22;FOXP3|Ensembl:ENSG00000049768|HGNC:FOXP3;PPP1R3F|Ensembl:ENSG00000049769|HGNC:PPP1R3F
2955|chrX|53000000|55100000,GPR173|Ensembl:ENSG00000184194|HGNC:GPR173;TSPYL2|Ensembl:ENSG00000184205|HGNC:TSPYL2;KANTR|Ensembl:ENSG00000232593|HGNC:KANTR;KDM5C|Ensembl:ENSG00000126012|HGNC:KDM5C;IQSEC2|Ensembl:ENSG00000124313|HGNC:IQSEC2;SMC1A|Ensembl:ENSG00000072501|HGNC:SMC1A;RIBC1|Ensembl:ENSG00000158423|HGNC:RIBC1;HSD17B10|Ensembl:ENSG00000072506|HGNC:HSD17B10;HUWE1|Ensembl:ENSG00000086758|HGNC:HUWE1;PHF8|Ensembl:ENSG00000172943|HGNC:PHF8;FAM120C|Ensembl:ENSG00000184083|HGNC:FAM120C;WNK3|Ensembl:ENSG00000196632|HGNC:WNK3;TSR2|Ensembl:ENSG00000158526|HGNC:TSR2;FGD1|Ensembl:ENSG00000102302|HGNC:FGD1;GNL3L|Ensembl:ENSG00000130119|HGNC:GNL3L;ITIH6|Ensembl:ENSG00000102313|HGNC:ITIH6;MAGED2|Ensembl:ENSG00000102316|HGNC:MAGED2;TRO|Ensembl:ENSG00000067445|HGNC:TRO;PFKFB1|Ensembl:ENSG00000158571|HGNC:PFKFB1;APEX2|Ensembl:ENSG00000169188|HGNC:APEX2;ALAS2|Ensembl:ENSG00000158578|HGNC:ALAS2;PAGE2B|Ensembl:ENSG00000238269|HGNC:PAGE2B;PAGE2|Ensembl:ENSG00000234068|HGNC:PAGE2
3034|chrX|154250000|154550000,OPN1MW3|Ensembl:ENSG00000269433|HGNC:OPN1MW3;TEX28|Ensembl:ENSG00000278057|HGNC:TEX28;TKTL1|Ensembl:ENSG00000007350|HGNC:TKTL1;FLNA|Ensembl:ENSG00000196924|HGNC:FLNA;EMD|Ensembl:ENSG00000102119|HGNC:EMD;RPL10|Ensembl:ENSG00000147403|HGNC:RPL10;DNASE1L1|Ensembl:ENSG00000013563|HGNC:DNASE1L1;TAZ|Ensembl:ENSG00000102125|HGNC:TAZ;ATP6AP1|Ensembl:ENSG00000071553|HGNC:ATP6AP1;GDI1|Ensembl:ENSG00000203879|HGNC:GDI1;FAM50A|Ensembl:ENSG00000071859|HGNC:FAM50A;PLXNA3|Ensembl:ENSG00000130827|HGNC:PLXNA3;LAGE3|Ensembl:ENSG00000196976|HGNC:LAGE3;UBL4A|Ensembl:ENSG00000102178|HGNC:UBL4A;SLC10A3|Ensembl:ENSG00000126903|HGNC:SLC10A3;FAM3A|Ensembl:ENSG00000071889|HGNC:FAM3A;G6PD|Ensembl:ENSG00000160211|HGNC:G6PD;IKBKG|Ensembl:ENSG00000269335|HGNC:IKBKG
